,brandName,storeName,phoneNumber,street,suburb,state,country,postcode,latitude,longitude,openingHours,services
0,BIG W,BIG W Carnes Hill,1300411875,245 Cowpasture Road ,Horningsea Park,NSW,Australia,2171,-33.937897,150.84552,"['Monday: 8:30 AM - 8:00 PM', 'Tuesday: 8:30 AM - 8:00 PM', 'Wednesday: 8:30 AM - 8:00 PM', 'Thursday: 8:30 AM - 9:00 PM', 'Friday: 8:30 AM - 8:00 PM', 'Saturday: 8:00 AM - 8:00 PM', 'Sunday: 9:00 AM - 7:00 PM']","['Bike Build', 'Direct to Boot', 'In-Store Layby', 'Party', 'Pick Up', 'Soda Stream Refill']"
1,BIG W,BIG W North Albury,1300411875,Griffith Road ,Lavington,NSW,Australia,2641,-36.04352,146.94371,"['Monday: 8:30 AM - 6:00 PM', 'Tuesday: 8:30 AM - 6:00 PM', 'Wednesday: 8:30 AM - 6:00 PM', 'Thursday: 8:30 AM - 8:00 PM', 'Friday: 8:30 AM - 6:00 PM', 'Saturday: 8:30 AM - 6:00 PM', 'Sunday: 9:00 AM - 5:00 PM']","['Bike Build', 'In-Store Layby', 'Party', 'Pick Up', 'Soda Stream Refill']"
2,BIG W,BIG W Gladstone,1300411875,Corner of Dawson Highway and Phillip Street ,Gladstone,QLD,Australia,4680,-23.95336,151.37465,"['Monday: 8:00 AM - 6:00 PM', 'Tuesday: 8:00 AM - 6:00 PM', 'Wednesday: 8:00 AM - 6:00 PM', 'Thursday: 8:00 AM - 8:00 PM', 'Friday: 8:00 AM - 6:00 PM', 'Saturday: 8:00 AM - 5:00 PM', 'Sunday: 9:00 AM - 5:00 PM']","['Bike Build', 'In-Store Layby', 'Party', 'Pick Up', 'Soda Stream Refill']"
3,BIG W,BIG W Underwood,1300411875,Corner of Logan Road and Beenleigh Road ,Underwood,QLD,Australia,4119,-27.60725,153.10986,"['Monday: 8:30 AM - 6:00 PM', 'Tuesday: 8:30 AM - 6:00 PM', 'Wednesday: 8:30 AM - 6:00 PM', 'Thursday: 8:30 AM - 8:00 PM', 'Friday: 8:30 AM - 6:00 PM', 'Saturday: 8:30 AM - 5:00 PM', 'Sunday: 9:00 AM - 5:00 PM']","['Bike Build', 'Direct to Boot', 'In-Store Layby', 'Party', 'Pick Up', 'Soda Stream Refill']"
4,BIG W,BIG W Highpoint,1300411875,Rosamond Road ,Maribyrnong,VIC,Australia,3032,-37.76912,144.88646,"['Monday: 8:00 AM - 6:00 PM', 'Tuesday: 8:00 AM - 6:00 PM', 'Wednesday: 8:00 AM - 6:00 PM', 'Thursday: 8:00 AM - 10:00 PM', 'Friday: 8:00 AM - 10:00 PM', 'Saturday: 8:00 AM - 7:00 PM', 'Sunday: 9:00 AM - 6:00 PM']","['Bike Build', 'Direct to Boot', 'In-Store Layby', 'Party', 'Pick Up', 'Soda Stream Refill']"
5,BIG W,BIG W Karingal,1300411875,Karingal Road and Cranbourne Road ,Karingal,VIC,Australia,3199,-38.140575,145.15565,"['Monday: 8:00 AM - 8:00 PM', 'Tuesday: 8:00 AM - 8:00 PM', 'Wednesday: 8:00 AM - 8:00 PM', 'Thursday: 8:00 AM - 9:00 PM', 'Friday: 8:00 AM - 9:00 PM', 'Saturday: 8:00 AM - 7:00 PM', 'Sunday: 9:00 AM - 6:00 PM']","['Bike Build', 'In-Store Layby', 'Party', 'Pick Up', 'Soda Stream Refill']"
6,BIG W,BIG W Shepparton,1300411875,Benalla Road ,Shepparton,VIC,Australia,3630,-36.3864,145.42418,"['Monday: 8:00 AM - 7:00 PM', 'Tuesday: 8:00 AM - 7:00 PM', 'Wednesday: 8:00 AM - 7:00 PM', 'Thursday: 8:00 AM - 7:00 PM', 'Friday: 8:00 AM - 9:00 PM', 'Saturday: 8:00 AM - 6:00 PM', 'Sunday: 9:00 AM - 6:00 PM']","['Bike Build', 'Direct to Boot', 'In-Store Layby', 'Party', 'Pick Up', 'Soda Stream Refill']"
7,BIG W,BIG W Townsville,1300411875,Corner of Nathan Road and Ross River Road ,Aitkenvale,QLD,Australia,4814,-19.299183,146.76422,"['Monday: 8:30 AM - 6:00 PM', 'Tuesday: 8:30 AM - 6:00 PM', 'Wednesday: 8:30 AM - 6:59 PM', 'Thursday: 8:30 AM - 8:00 PM', 'Friday: 8:30 AM - 6:00 PM', 'Saturday: 8:30 AM - 5:00 PM', 'Sunday: 9:00 AM - 5:00 PM']","['Bike Build', 'In-Store Layby', 'Party', 'Pick Up', 'Soda Stream Refill']"
8,BIG W,BIG W Lismore,1300411875,Corner of Brewster Street and Uralba Street ,Lismore,NSW,Australia,2480,-28.81,153.2898,"['Monday: 8:30 AM - 6:00 PM', 'Tuesday: 8:30 AM - 6:00 PM', 'Wednesday: 8:30 AM - 6:00 PM', 'Thursday: 8:30 AM - 8:00 PM', 'Friday: 8:30 AM - 6:00 PM', 'Saturday: 8:30 AM - 6:00 PM', 'Sunday: 9:00 AM - 5:00 PM']","['Bike Build', 'In-Store Layby', 'Party', 'Pick Up', 'Soda Stream Refill']"
9,BIG W,BIG W Chermside,1300411875,Corner of Gympie Rd and Hamilton Road ,Chermside,QLD,Australia,4032,-27.386,153.031,"['Monday: 8:00 AM - 6:00 PM', 'Tuesday: 8:00 AM - 6:00 PM', 'Wednesday: 8:00 AM - 6:00 PM', 'Thursday: 8:00 AM - 9:00 PM', 'Friday: 8:00 AM - 6:00 PM', 'Saturday: 8:00 AM - 6:00 PM', 'Sunday: 9:00 AM - 5:00 PM']","['Bike Build', 'In-Store Layby', 'Party', 'Pick Up', 'Soda Stream Refill']"
10,BIG W,BIG W Watergardens,1300411875,399 Melton Highway ,Taylors Lakes,VIC,Australia,3038,-37.69568,144.77206,"['Monday: 8:00 AM - 6:00 PM', 'Tuesday: 8:00 AM - 6:00 PM', 'Wednesday: 8:00 AM - 6:00 PM', 'Thursday: 8:00 AM - 9:00 PM', 'Friday: 8:00 AM - 9:00 PM', 'Saturday: 8:00 AM - 7:00 PM', 'Sunday: 9:00 AM - 6:00 PM']","['Bike Build', 'In-Store Layby', 'Party', 'Pick Up', 'Soda Stream Refill']"
11,BIG W,BIG W Noosa,1300411875,28 Eenie Creek Road ,Noosaville,QLD,Australia,4566,-26.416084,153.04921,"['Monday: 8:30 AM - 6:00 PM', 'Tuesday: 8:30 AM - 6:00 PM', 'Wednesday: 8:30 AM - 6:00 PM', 'Thursday: 8:30 AM - 7:00 PM', 'Friday: 8:30 AM - 6:00 PM', 'Saturday: 8:00 AM - 6:00 PM', 'Sunday: 9:00 AM - 5:00 PM']","['Bike Build', 'Direct to Boot', 'In-Store Layby', 'Party', 'Pick Up', 'Soda Stream Refill']"
12,BIG W,BIG W Mudgee,1300411875,Corner of Market Street and Perry Street ,Mudgee,NSW,Australia,2850,-32.590492,149.58641,"['Monday: 8:30 AM - 6:00 PM', 'Tuesday: 8:30 AM - 6:00 PM', 'Wednesday: 8:30 AM - 6:00 PM', 'Thursday: 8:30 AM - 7:00 PM', 'Friday: 8:30 AM - 6:00 PM', 'Saturday: 8:30 AM - 6:00 PM', 'Sunday: 9:00 AM - 5:00 PM']","['Bike Build', 'Direct to Boot', 'In-Store Layby', 'Party', 'Pick Up', 'Soda Stream Refill']"
13,BIG W,BIG W Bankstown,1300411875,1A North Terrace ,Bankstown,NSW,Australia,2200,-33.914185,151.04149,"['Monday: 8:30 AM - 7:00 PM', 'Tuesday: 8:30 AM - 7:00 PM', 'Wednesday: 8:30 AM - 7:00 PM', 'Thursday: 8:30 AM - 10:00 PM', 'Friday: 8:30 AM - 7:00 PM', 'Saturday: 8:30 AM - 7:00 PM', 'Sunday: 9:00 AM - 6:00 PM']","['Bike Build', 'In-Store Layby', 'Party', 'Pick Up', 'Soda Stream Refill']"
14,BIG W,BIG W North Lakes,1300411875,Corner of Bruce Highway and Anzac Avenue ,Mango Hill,QLD,Australia,4509,-27.24161,153.0146,"['Monday: 8:00 AM - 6:00 PM', 'Tuesday: 8:00 AM - 6:00 PM', 'Wednesday: 8:00 AM - 6:00 PM', 'Thursday: 8:00 AM - 9:00 PM', 'Friday: 8:00 AM - 6:00 PM', 'Saturday: 8:00 AM - 6:00 PM', 'Sunday: 9:00 AM - 5:00 PM']","['Bike Build', 'In-Store Layby', 'Party', 'Pick Up', 'Soda Stream Refill']"
15,BIG W,BIG W South Yarra,1300411875,670 Chapel Street ,South Yarra,VIC,Australia,3141,-37.837227,144.99629,"['Monday: 8:00 AM - 9:00 PM', 'Tuesday: 8:00 AM - 9:00 PM', 'Wednesday: 8:00 AM - 9:00 PM', 'Thursday: 8:00 AM - 10:00 PM', 'Friday: 8:00 AM - 10:00 PM', 'Saturday: 8:00 AM - 10:00 PM', 'Sunday: 9:00 AM - 9:00 PM']","['Bike Build', 'In-Store Layby', 'Party', 'Pick Up', 'Soda Stream Refill']"
16,BIG W,BIG W Brickworks,1300411875,Corner of Ashwin Parade and South Road ,Torrensville,SA,Australia,5031,-34.914047,138.56444,"['Monday: 9:00 AM - 7:00 PM', 'Tuesday: 9:00 AM - 7:00 PM', 'Wednesday: 9:00 AM - 7:00 PM', 'Thursday: 9:00 AM - 8:00 PM', 'Friday: 9:00 AM - 7:00 PM', 'Saturday: 9:00 AM - 5:00 PM', 'Sunday: 9:00 AM - 5:00 PM']","['Bike Build', 'Direct to Boot', 'In-Store Layby', 'Party', 'Pick Up', 'Soda Stream Refill']"
17,BIG W,BIG W Hervey Bay,1300411875,42 Main Street ,Pialba,QLD,Australia,4655,-25.2823,152.8391,"['Monday: 8:00 AM - 6:00 PM', 'Tuesday: 8:00 AM - 6:00 PM', 'Wednesday: 8:00 AM - 6:00 PM', 'Thursday: 8:00 AM - 7:00 PM', 'Friday: 8:00 AM - 6:00 PM', 'Saturday: 8:00 AM - 5:00 PM', 'Sunday: 9:00 AM - 5:00 PM']","['Bike Build', 'Direct to Boot', 'In-Store Layby', 'Party', 'Pick Up', 'Soda Stream Refill']"
18,BIG W,BIG W Doncaster,1300411875,619 Doncaster Road ,Doncaster,VIC,Australia,3108,-37.785,145.12619,"['Monday: 8:00 AM - 6:00 PM', 'Tuesday: 8:00 AM - 6:00 PM', 'Wednesday: 8:00 AM - 6:00 PM', 'Thursday: 8:00 AM - 9:00 PM', 'Friday: 8:00 AM - 10:00 PM', 'Saturday: 8:00 AM - 6:00 PM', 'Sunday: 9:00 AM - 6:00 PM']","['Bike Build', 'Direct to Boot', 'In-Store Layby', 'Party', 'Pick Up', 'Soda Stream Refill']"
19,BIG W,BIG W Lilydale,1300411875,33 Hutchinson Street ,Lilydale,VIC,Australia,3140,-37.75959,145.34766,"['Monday: 8:00 AM - 6:00 PM', 'Tuesday: 8:00 AM - 6:00 PM', 'Wednesday: 8:00 AM - 6:00 PM', 'Thursday: 8:00 AM - 9:00 PM', 'Friday: 8:00 AM - 9:00 PM', 'Saturday: 8:00 AM - 6:00 PM', 'Sunday: 9:00 AM - 6:00 PM']","['Bike Build', 'Direct to Boot', 'In-Store Layby', 'Party', 'Pick Up', 'Soda Stream Refill']"
20,BIG W,BIG W Yeppoon,1300411875,42-44 Park Street ,Yeppoon,QLD,Australia,4703,-23.132788,150.73695,"['Monday: 8:30 AM - 6:00 PM', 'Tuesday: 8:30 AM - 6:00 PM', 'Wednesday: 8:30 AM - 6:00 PM', 'Thursday: 8:30 AM - 7:00 PM', 'Friday: 8:30 AM - 6:00 PM', 'Saturday: 8:30 AM - 5:00 PM', 'Sunday: 9:00 AM - 5:00 PM']","['Bike Build', 'In-Store Layby', 'Party', 'Pick Up', 'Soda Stream Refill']"
21,BIG W,BIG W Liverpool,1300411875,25 George Street ,Liverpool,NSW,Australia,2170,-33.9199,150.9217,"['Monday: 8:30 AM - 7:00 PM', 'Tuesday: 8:30 AM - 7:00 PM', 'Wednesday: 8:30 AM - 7:00 PM', 'Thursday: 8:30 AM - 10:00 PM', 'Friday: 8:30 AM - 7:00 PM', 'Saturday: 8:30 AM - 7:00 PM', 'Sunday: 9:00 AM - 6:00 PM']","['Bike Build', 'In-Store Layby', 'Party', 'Pick Up', 'Soda Stream Refill']"
22,BIG W,BIG W Geelong,1300411875,95 Malop Street ,Geelong,VIC,Australia,3220,-38.146694,144.35873,"['Monday: 8:00 AM - 6:00 PM', 'Tuesday: 8:00 AM - 6:00 PM', 'Wednesday: 10:00 AM - 5:00 PM', 'Thursday: 8:00 AM - 6:00 PM', 'Friday: 8:00 AM - 9:00 PM', 'Saturday: 8:00 AM - 6:00 PM', 'Sunday: 9:00 AM - 5:00 PM']","['Bike Build', 'In-Store Layby', 'Party', 'Pick Up', 'Soda Stream Refill']"
23,BIG W,BIG W Mittagong,1300411875,197 Old Hume Highway ,Mittagong,NSW,Australia,2575,-34.447243,150.43822,"['Monday: 8:30 AM - 7:00 PM', 'Tuesday: 8:30 AM - 7:00 PM', 'Wednesday: 8:30 AM - 7:00 PM', 'Thursday: 8:30 AM - 9:00 PM', 'Friday: 8:30 AM - 7:00 PM', 'Saturday: 8:30 AM - 6:00 PM', 'Sunday: 9:00 AM - 6:00 PM']","['Bike Build', 'Direct to Boot', 'In-Store Layby', 'Party', 'Pick Up', 'Soda Stream Refill']"
24,BIG W,BIG W Robina,1300411875,Robina Towns Centre Drive ,Robina,QLD,Australia,4226,-28.080482,153.38358,"['Monday: 8:30 AM - 6:00 PM', 'Tuesday: 8:30 AM - 6:00 PM', 'Wednesday: 8:30 AM - 6:00 PM', 'Thursday: 8:30 AM - 9:00 PM', 'Friday: 8:30 AM - 6:00 PM', 'Saturday: 8:30 AM - 6:00 PM', 'Sunday: 9:00 AM - 5:00 PM']","['Bike Build', 'In-Store Layby', 'Party', 'Pick Up', 'Soda Stream Refill']"
25,BIG W,BIG W Canberra City,1300411875,Bunda Street ,Canberra ,ACT,Australia,2601,-35.28049,149.13416,"['Monday: 8:30 AM - 7:00 PM', 'Tuesday: 8:30 AM - 7:00 PM', 'Wednesday: 8:30 AM - 7:00 PM', 'Thursday: 8:30 AM - 7:00 PM', 'Friday: 8:30 AM - 10:00 PM', 'Saturday: 8:30 AM - 7:00 PM', 'Sunday: 9:00 AM - 6:00 PM']","['Bike Build', 'In-Store Layby', 'Party', 'Pick Up', 'Soda Stream Refill']"
26,BIG W,BIG W Pakenham,1300411875,Corner of John Street and Henry Street ,Pakenham,VIC,Australia,3810,-38.0763,145.4836,"['Monday: 8:00 AM - 8:00 PM', 'Tuesday: 8:00 AM - 8:00 PM', 'Wednesday: 8:00 AM - 8:00 PM', 'Thursday: 8:00 AM - 9:00 PM', 'Friday: 8:00 AM - 9:00 PM', 'Saturday: 8:00 AM - 6:00 PM', 'Sunday: 9:00 AM - 6:00 PM']","['Bike Build', 'Direct to Boot', 'In-Store Layby', 'Party', 'Pick Up', 'Soda Stream Refill']"
27,BIG W,BIG W Gungahlin,1300411875,Hibberson Street ,Gungahlin,ACT,Australia,2912,-35.185726,149.13611,"['Monday: 8:30 AM - 7:00 PM', 'Tuesday: 8:30 AM - 7:00 PM', 'Wednesday: 8:30 AM - 7:00 PM', 'Thursday: 8:30 AM - 9:00 PM', 'Friday: 8:30 AM - 9:00 PM', 'Saturday: 8:30 AM - 7:00 PM', 'Sunday: 8:30 AM - 7:00 PM']","['Bike Build', 'In-Store Layby', 'Party', 'Pick Up', 'Soda Stream Refill']"
28,BIG W,BIG W Strathpine,1300411875,295 Gympie Road ,Strathpine,QLD,Australia,4500,-27.3069,152.9925,"['Monday: 8:00 AM - 6:00 PM', 'Tuesday: 8:00 AM - 6:00 PM', 'Wednesday: 8:00 AM - 6:00 PM', 'Thursday: 8:00 AM - 9:00 PM', 'Friday: 8:00 AM - 6:00 PM', 'Saturday: 8:00 AM - 5:00 PM', 'Sunday: 9:00 AM - 5:00 PM']","['Bike Build', 'In-Store Layby', 'Party', 'Pick Up', 'Soda Stream Refill']"
29,BIG W,BIG W Muswellbrook,1300411875,22 Sowerby Street ,Muswellbrook,NSW,Australia,2333,-32.262787,150.8912,"['Monday: 8:30 AM - 6:00 PM', 'Tuesday: 8:30 AM - 6:00 PM', 'Wednesday: 8:30 AM - 6:00 PM', 'Thursday: 8:30 AM - 8:00 PM', 'Friday: 8:30 AM - 6:00 PM', 'Saturday: 8:30 AM - 6:00 PM', 'Sunday: 9:00 AM - 5:00 PM']","['Bike Build', 'In-Store Layby', 'Pick Up', 'Soda Stream Refill']"
30,BIG W,BIG W Sunbury,1300411875,Horne Street ,Sunbury,VIC,Australia,3429,-37.579906,144.72676,"['Monday: 8:00 AM - 8:00 PM', 'Tuesday: 8:00 AM - 8:00 PM', 'Wednesday: 8:00 AM - 8:00 PM', 'Thursday: 8:00 AM - 8:00 PM', 'Friday: 8:00 AM - 9:00 PM', 'Saturday: 8:00 AM - 7:00 PM', 'Sunday: 9:00 AM - 6:00 PM']","['Bike Build', 'Direct to Boot', 'In-Store Layby', 'Pick Up', 'Soda Stream Refill']"
31,BIG W,BIG W Narellan,1300411875,326 Camden Valley Way ,Narellan,NSW,Australia,2567,-34.04177,150.7373,"['Monday: 8:30 AM - 7:00 PM', 'Tuesday: 8:30 AM - 7:00 PM', 'Wednesday: 8:30 AM - 7:00 PM', 'Thursday: 8:30 AM - 9:00 PM', 'Friday: 8:30 AM - 7:00 PM', 'Saturday: 8:30 AM - 7:00 PM', 'Sunday: 8:30 AM - 6:00 PM']","['Bike Build', 'In-Store Layby', 'Party', 'Pick Up', 'Soda Stream Refill']"
32,BIG W,BIG W Eastland,1300411875,171-175 Maroondah Highway ,Ringwood,VIC,Australia,3134,-37.812733,145.23055,"['Monday: 8:00 AM - 6:00 PM', 'Tuesday: 8:00 AM - 6:00 PM', 'Wednesday: 8:00 AM - 6:00 PM', 'Thursday: 8:00 AM - 9:00 PM', 'Friday: 8:00 AM - 9:00 PM', 'Saturday: 8:00 AM - 6:00 PM', 'Sunday: 9:00 AM - 6:00 PM']","['Bike Build', 'In-Store Layby', 'Party', 'Pick Up', 'Soda Stream Refill']"
33,BIG W,BIG W North Rockhampton,1300411875,62/321 Yaamba Road ,Rockhampton,QLD,Australia,4700,-23.353014,150.52347,"['Monday: 8:00 AM - 6:00 PM', 'Tuesday: 8:00 AM - 6:00 PM', 'Wednesday: 8:00 AM - 6:00 PM', 'Thursday: 8:00 AM - 9:00 PM', 'Friday: 8:00 AM - 6:00 PM', 'Saturday: 8:00 AM - 6:00 PM', 'Sunday: 9:00 AM - 5:00 PM']","['Bike Build', 'In-Store Layby', 'Party', 'Pick Up', 'Soda Stream Refill']"
34,BIG W,BIG W Fountain Gate,1300411875,352 Princes Highway ,Fountain Gate,VIC,Australia,3805,-38.018402,145.30264,"['Monday: 8:00 AM - 7:00 PM', 'Tuesday: 8:00 AM - 7:00 PM', 'Wednesday: 8:00 AM - 7:00 PM', 'Thursday: 8:00 AM - 9:00 PM', 'Friday: 8:00 AM - 9:00 PM', 'Saturday: 8:00 AM - 6:00 PM', 'Sunday: 9:00 AM - 6:00 PM']","['Bike Build', 'In-Store Layby', 'Party', 'Pick Up', 'Soda Stream Refill']"
35,BIG W,BIG W Clifford Gardens,1300411875,Corner of Anzac Street and James Street ,Toowoomba,QLD,Australia,4350,-27.5659,151.9297,"['Monday: 8:00 AM - 6:00 PM', 'Tuesday: 8:00 AM - 6:00 PM', 'Wednesday: 8:00 AM - 6:00 PM', 'Thursday: 8:00 AM - 8:00 PM', 'Friday: 8:00 AM - 6:00 PM', 'Saturday: 8:00 AM - 6:00 PM', 'Sunday: 9:00 AM - 5:00 PM']","['Bike Build', 'Direct to Boot', 'In-Store Layby', 'Party', 'Pick Up', 'Soda Stream Refill']"
36,BIG W,BIG W Kempsey,1300411875,91 Smith Street ,Kempsey,NSW,Australia,2440,-31.07625,152.84444,"['Monday: 8:30 AM - 6:00 PM', 'Tuesday: 8:30 AM - 6:00 PM', 'Wednesday: 8:30 AM - 6:00 PM', 'Thursday: 8:30 AM - 7:00 PM', 'Friday: 8:30 AM - 6:00 PM', 'Saturday: 8:30 AM - 6:00 PM', 'Sunday: 9:00 AM - 5:00 PM']","['Bike Build', 'Direct to Boot', 'In-Store Layby', 'Pick Up', 'Soda Stream Refill']"
37,BIG W,BIG W Pacific Fair,1300411875,2 - 30 Hooker Boulevard ,Broadbeach Waters,QLD,Australia,4218,-28.036322,153.42978,"['Monday: 8:30 AM - 6:00 PM', 'Tuesday: 8:30 AM - 6:00 PM', 'Wednesday: 8:30 AM - 6:00 PM', 'Thursday: 8:30 AM - 9:00 PM', 'Friday: 8:30 AM - 6:00 PM', 'Saturday: 8:30 AM - 6:00 PM', 'Sunday: 9:00 AM - 6:00 PM']","['Bike Build', 'In-Store Layby', 'Party', 'Pick Up', 'Soda Stream Refill']"
38,BIG W,BIG W Sunshine,1300411875,80 Harvester Road ,Sunshine,VIC,Australia,3020,-37.78762,144.83246,"['Monday: 8:00 AM - 6:00 PM', 'Tuesday: 8:00 AM - 6:00 PM', 'Wednesday: 8:00 AM - 6:00 PM', 'Thursday: 8:00 AM - 9:00 PM', 'Friday: 8:00 AM - 9:00 PM', 'Saturday: 8:00 AM - 6:00 PM', 'Sunday: 9:00 AM - 6:00 PM']","['Bike Build', 'Direct to Boot', 'In-Store Layby', 'Pick Up', 'Soda Stream Refill']"
39,BIG W,BIG W Green Hills,1300411875,1 Molly Morgan Drive ,East Maitland,NSW,Australia,2323,-32.76067,151.59274,"['Monday: 8:30 AM - 7:00 PM', 'Tuesday: 8:30 AM - 7:00 PM', 'Wednesday: 8:30 AM - 7:00 PM', 'Thursday: 8:30 AM - 9:00 PM', 'Friday: 8:30 AM - 7:00 PM', 'Saturday: 8:30 AM - 6:00 PM', 'Sunday: 9:00 AM - 6:00 PM']","['Bike Build', 'In-Store Layby', 'Party', 'Pick Up', 'Soda Stream Refill']"
40,BIG W,BIG W Pagewood,1300411875,152 Bunnerong Road ,Pagewood,NSW,Australia,2035,-33.944813,151.22426,"['Monday: 8:30 AM - 8:00 PM', 'Tuesday: 8:30 AM - 8:00 PM', 'Wednesday: 8:30 AM - 8:00 PM', 'Thursday: 8:30 AM - 9:00 PM', 'Friday: 8:30 AM - 8:00 PM', 'Saturday: 8:30 AM - 7:00 PM', 'Sunday: 9:00 AM - 7:00 PM']","['Bike Build', 'In-Store Layby', 'Party', 'Pick Up', 'Soda Stream Refill']"
41,BIG W,BIG W Cairns,1300411875,537 Mulgrave Road ,Earlville,QLD,Australia,4870,-16.944208,145.74008,"['Monday: 8:00 AM - 6:00 PM', 'Tuesday: 8:00 AM - 6:00 PM', 'Wednesday: 8:00 AM - 6:00 PM', 'Thursday: 8:00 AM - 9:00 PM', 'Friday: 8:00 AM - 6:00 PM', 'Saturday: 8:00 AM - 5:00 PM', 'Sunday: 9:00 AM - 5:00 PM']","['Bike Build', 'In-Store Layby', 'Party', 'Pick Up', 'Soda Stream Refill']"
42,BIG W,BIG W Young,1300411875,Boorowa Street ,Young,NSW,Australia,2594,-34.303596,148.27019,"['Monday: 8:30 AM - 7:00 PM', 'Tuesday: 8:30 AM - 7:00 PM', 'Wednesday: 8:30 AM - 7:00 PM', 'Thursday: 8:30 AM - 8:00 PM', 'Friday: 8:30 AM - 7:00 PM', 'Saturday: 8:30 AM - 6:00 PM', 'Sunday: 9:00 AM - 6:00 PM']","['Bike Build', 'Direct to Boot', 'In-Store Layby', 'Pick Up', 'Soda Stream Refill']"
43,BIG W,BIG W Ballina,1300411875,Corner of Kerr Street and Bangalow Road ,Ballina,NSW,Australia,2478,-28.858536,153.56183,"['Monday: 8:30 AM - 6:00 PM', 'Tuesday: 8:30 AM - 6:00 PM', 'Wednesday: 8:30 AM - 6:00 PM', 'Thursday: 8:30 AM - 7:00 PM', 'Friday: 8:30 AM - 6:00 PM', 'Saturday: 8:30 AM - 6:00 PM', 'Sunday: 9:00 AM - 5:00 PM']","['Bike Build', 'Direct to Boot', 'In-Store Layby', 'Pick Up', 'Soda Stream Refill']"
44,BIG W,BIG W Carindale,1300411875,Corner of Creek Road and Old Cleveland Road ,Carina,QLD,Australia,4152,-27.4988,153.1007,"['Monday: 8:30 AM - 6:00 PM', 'Tuesday: 8:30 AM - 6:00 PM', 'Wednesday: 8:30 AM - 6:00 PM', 'Thursday: 8:30 AM - 9:00 PM', 'Friday: 8:30 AM - 6:00 PM', 'Saturday: 8:00 AM - 6:00 PM', 'Sunday: 9:00 AM - 6:00 PM']","['Bike Build', 'In-Store Layby', 'Party', 'Pick Up', 'Soda Stream Refill']"
45,BIG W,BIG W Bendigo,1300411875,Mitchell Street ,Bendigo,VIC,Australia,3550,-36.76458,144.28395,"['Monday: 8:00 AM - 7:00 PM', 'Tuesday: 8:00 AM - 7:00 PM', 'Wednesday: 8:00 AM - 7:00 PM', 'Thursday: 8:00 AM - 9:00 PM', 'Friday: 8:00 AM - 9:00 PM', 'Saturday: 8:00 AM - 7:00 PM', 'Sunday: 9:00 AM - 6:00 PM']","['Bike Build', 'Direct to Boot', 'In-Store Layby', 'Party', 'Pick Up', 'Soda Stream Refill']"
46,BIG W,BIG W Kawana Waters,1300411875,Corner of Pt Cartwright Drive and Nicklin Way ,Buddina,QLD,Australia,4575,-26.703,153.1285,"['Monday: 8:00 AM - 6:00 PM', 'Tuesday: 8:00 AM - 6:00 PM', 'Wednesday: 8:00 AM - 6:00 PM', 'Thursday: 8:00 AM - 7:00 PM', 'Friday: 8:00 AM - 6:00 PM', 'Saturday: 8:00 AM - 5:00 PM', 'Sunday: 9:00 AM - 5:00 PM']","['Bike Build', 'Direct to Boot', 'In-Store Layby', 'Party', 'Pick Up', 'Soda Stream Refill']"
47,BIG W,BIG W Parkmore,1300411875,Cheltenham Road ,Keysborough,VIC,Australia,3173,-37.994427,145.17503,"['Monday: 8:00 AM - 7:00 PM', 'Tuesday: 8:00 AM - 7:00 PM', 'Wednesday: 8:00 AM - 7:00 PM', 'Thursday: 8:00 AM - 9:00 PM', 'Friday: 8:00 AM - 9:00 PM', 'Saturday: 8:00 AM - 6:00 PM', 'Sunday: 9:00 AM - 6:00 PM']","['Bike Build', 'Direct to Boot', 'In-Store Layby', 'Pick Up', 'Soda Stream Refill']"
48,BIG W,BIG W Cessnock,1300411875,10 Darwin Street ,Cessnock,NSW,Australia,2325,-32.834686,151.3528,"['Monday: 8:30 AM - 6:00 PM', 'Tuesday: 8:30 AM - 6:00 PM', 'Wednesday: 8:30 AM - 6:00 PM', 'Thursday: 8:30 AM - 8:00 PM', 'Friday: 8:30 AM - 6:00 PM', 'Saturday: 8:30 AM - 6:00 PM', 'Sunday: 9:00 AM - 5:00 PM']","['Bike Build', 'Direct to Boot', 'In-Store Layby', 'Pick Up', 'Soda Stream Refill']"
49,BIG W,BIG W Bundaberg,1300411875,115-119 Takalvan Street ,Bundaberg,QLD,Australia,4670,-24.88722,152.3185,"['Monday: 8:00 AM - 6:00 PM', 'Tuesday: 8:00 AM - 6:00 PM', 'Wednesday: 8:00 AM - 6:00 PM', 'Thursday: 8:00 AM - 9:00 PM', 'Friday: 8:00 AM - 6:00 PM', 'Saturday: 8:00 AM - 5:00 PM', 'Sunday: 9:00 AM - 5:00 PM']","['Bike Build', 'Direct to Boot', 'In-Store Layby', 'Party', 'Pick Up', 'Soda Stream Refill']"
50,BIG W,BIG W Southland,1300411875,1239 Nepean Highway ,Cheltenham,VIC,Australia,3192,-37.95809,145.05519,"['Monday: 8:00 AM - 6:00 PM', 'Tuesday: 8:00 AM - 6:00 PM', 'Wednesday: 8:00 AM - 6:00 PM', 'Thursday: 8:00 AM - 9:00 PM', 'Friday: 8:00 AM - 9:00 PM', 'Saturday: 8:00 AM - 6:00 PM', 'Sunday: 9:00 AM - 6:00 PM']","['Bike Build', 'In-Store Layby', 'Party', 'Pick Up', 'Soda Stream Refill']"
51,BIG W,BIG W Parkes,1300411875,Corner of Currajong Street and Browne Street ,Parkes,NSW,Australia,2870,-33.137882,148.17899,"['Monday: 9:00 AM - 6:00 PM', 'Tuesday: 9:00 AM - 6:00 PM', 'Wednesday: 9:00 AM - 6:00 PM', 'Thursday: 9:00 AM - 7:00 PM', 'Friday: 9:00 AM - 6:00 PM', 'Saturday: 9:00 AM - 6:00 PM', 'Sunday: 9:00 AM - 5:00 PM']","['Bike Build', 'In-Store Layby', 'Pick Up', 'Soda Stream Refill']"
52,BIG W,BIG W Mackay,1300411875,2 Mangrove Road ,Mackay,QLD,Australia,4740,-21.13779,149.179,"['Monday: 8:00 AM - 6:00 PM', 'Tuesday: 8:00 AM - 6:00 PM', 'Wednesday: 8:00 AM - 6:00 PM', 'Thursday: 8:00 AM - 9:00 PM', 'Friday: 8:00 AM - 6:00 PM', 'Saturday: 8:00 AM - 5:00 PM', 'Sunday: 9:00 AM - 5:00 PM']","['Bike Build', 'In-Store Layby', 'Party', 'Pick Up', 'Soda Stream Refill']"
53,BIG W,BIG W Altona Meadows,1300411875,1-23 Central Avenue ,Altona Meadows,VIC,Australia,3028,-37.87158,144.77715,"['Monday: 8:00 AM - 6:00 PM', 'Tuesday: 8:00 AM - 6:00 PM', 'Wednesday: 8:00 AM - 6:00 PM', 'Thursday: 8:00 AM - 9:00 PM', 'Friday: 8:00 AM - 9:00 PM', 'Saturday: 8:00 AM - 7:00 PM', 'Sunday: 9:00 AM - 6:00 PM']","['Bike Build', 'Direct to Boot', 'In-Store Layby', 'Party', 'Pick Up', 'Soda Stream Refill']"
54,BIG W,BIG W Loganholme,1300411875,Corner of Bryants Road and Pacific Highway ,Loganholme,QLD,Australia,4129,-27.656443,153.1716,"['Monday: 8:30 AM - 6:00 PM', 'Tuesday: 8:30 AM - 6:00 PM', 'Wednesday: 8:30 AM - 6:00 PM', 'Thursday: 8:30 AM - 9:00 PM', 'Friday: 8:30 AM - 6:00 PM', 'Saturday: 8:30 AM - 5:00 PM', 'Sunday: 9:00 AM - 5:00 PM']","['Bike Build', 'Direct to Boot', 'In-Store Layby', 'Party', 'Pick Up', 'Soda Stream Refill']"
55,BIG W,BIG W Dubbo,1300411875,Mitchell Highway and Wheelers Lane ,Dubbo,NSW,Australia,2830,-32.2553,148.63107,"['Monday: 8:30 AM - 7:00 PM', 'Tuesday: 8:30 AM - 7:00 PM', 'Wednesday: 8:30 AM - 7:00 PM', 'Thursday: 8:30 AM - 9:00 PM', 'Friday: 8:30 AM - 7:00 PM', 'Saturday: 8:00 AM - 6:00 PM', 'Sunday: 9:00 AM - 6:00 PM']","['Bike Build', 'Direct to Boot', 'In-Store Layby', 'Party', 'Pick Up', 'Soda Stream Refill']"
56,BIG W,BIG W Warwick,1300411875,81 Palmerin Street ,Warwick,QLD,Australia,4370,-28.215515,152.03088,"['Monday: 8:30 AM - 6:00 PM', 'Tuesday: 8:30 AM - 6:00 PM', 'Wednesday: 8:30 AM - 6:00 PM', 'Thursday: 8:30 AM - 7:00 PM', 'Friday: 8:30 AM - 6:00 PM', 'Saturday: 8:30 AM - 5:00 PM', 'Sunday: 9:00 AM - 5:00 PM']","['Bike Build', 'Direct to Boot', 'In-Store Layby', 'Pick Up', 'Soda Stream Refill']"
57,BIG W,BIG W Tamworth,1300411875,Corner of Bridge Street and Denne Street ,Tamworth,NSW,Australia,2340,-31.0927,150.9203,"['Monday: 8:00 AM - 7:00 PM', 'Tuesday: 8:00 AM - 7:00 PM', 'Wednesday: 8:00 AM - 7:00 PM', 'Thursday: 8:00 AM - 8:00 PM', 'Friday: 8:00 AM - 7:00 PM', 'Saturday: 8:00 AM - 6:00 PM', 'Sunday: 9:00 AM - 5:00 PM']","['Bike Build', 'In-Store Layby', 'Party', 'Pick Up', 'Soda Stream Refill']"
58,BIG W,BIG W Echuca,1300411875,Maude Street and Annesley Street ,Echuca,VIC,Australia,3564,-36.131428,144.75227,"['Monday: 8:00 AM - 7:00 PM', 'Tuesday: 8:00 AM - 7:00 PM', 'Wednesday: 8:00 AM - 7:00 PM', 'Thursday: 8:00 AM - 9:00 PM', 'Friday: 8:00 AM - 9:00 PM', 'Saturday: 8:00 AM - 6:00 PM', 'Sunday: 9:00 AM - 6:00 PM']","['Bike Build', 'Direct to Boot', 'In-Store Layby', 'Party', 'Pick Up', 'Soda Stream Refill']"
59,BIG W,BIG W Upper Mt Gravatt,1300411875,Corner of Logan Road and Kessels Road ,Upper Mount Gravatt,QLD,Australia,4122,-27.563519,153.08257,"['Monday: 8:30 AM - 6:00 PM', 'Tuesday: 8:30 AM - 6:00 PM', 'Wednesday: 8:30 AM - 6:00 PM', 'Thursday: 8:30 AM - 9:00 PM', 'Friday: 8:30 AM - 6:00 PM', 'Saturday: 8:30 AM - 6:00 PM', 'Sunday: 9:00 AM - 5:00 PM']","['Bike Build', 'In-Store Layby', 'Party', 'Pick Up', 'Soda Stream Refill']"
60,BIG W,BIG W Woden,1300411875,Keltie Street ,Phillip,ACT,Australia,2606,-35.34766,149.08585,"['Monday: 8:30 AM - 7:00 PM', 'Tuesday: 8:30 AM - 7:00 PM', 'Wednesday: 8:30 AM - 7:00 PM', 'Thursday: 8:30 AM - 7:00 PM', 'Friday: 8:30 AM - 9:00 PM', 'Saturday: 8:30 AM - 6:00 PM', 'Sunday: 9:00 AM - 6:00 PM']","['Bike Build', 'In-Store Layby', 'Party', 'Pick Up', 'Soda Stream Refill']"
61,BIG W,BIG W Wangaratta,1300411875,Ford Street ,Wangaratta,VIC,Australia,3677,-36.355694,146.32367,"['Monday: 8:00 AM - 6:00 PM', 'Tuesday: 8:00 AM - 6:00 PM', 'Wednesday: 8:00 AM - 6:00 PM', 'Thursday: 8:00 AM - 7:00 PM', 'Friday: 8:00 AM - 7:00 PM', 'Saturday: 8:00 AM - 6:00 PM', 'Sunday: 9:00 AM - 5:00 PM']","['Bike Build', 'Direct to Boot', 'In-Store Layby', 'Pick Up', 'Soda Stream Refill']"
62,BIG W,BIG W Mt Ommaney,1300411875,Corner of Centenary Highway and Dandenong Road ,Mount Ommaney,QLD,Australia,4074,-27.5495,152.9361,"['Monday: 8:30 AM - 6:00 PM', 'Tuesday: 8:30 AM - 6:00 PM', 'Wednesday: 8:30 AM - 6:00 PM', 'Thursday: 8:30 AM - 9:00 PM', 'Friday: 8:30 AM - 6:00 PM', 'Saturday: 8:30 AM - 6:00 PM', 'Sunday: 9:00 AM - 5:00 PM']","['Bike Build', 'In-Store Layby', 'Party', 'Pick Up', 'Soda Stream Refill']"
63,BIG W,BIG W Queen Victoria Village,1300411875,Corner of Swanston Street and Lonsdale Street ,Melbourne,VIC,Australia,3000,-37.81126,144.9648,"['Monday: 8:00 AM - 10:00 PM', 'Tuesday: 8:00 AM - 10:00 PM', 'Wednesday: 8:00 AM - 10:00 PM', 'Thursday: 8:00 AM - 11:00 PM', 'Friday: 8:00 AM - 11:00 PM', 'Saturday: 8:00 AM - 11:00 PM', 'Sunday: 9:00 AM - 10:00 PM']","['Bike Build', 'Party', 'Pick Up', 'Soda Stream Refill']"
64,BIG W,BIG W Rosny Park,1300411875,6-26 Bligh Street ,Rosny Park,TAS,Australia,7018,-42.866467,147.36824,"['Monday: 8:00 AM - 6:00 PM', 'Tuesday: 8:00 AM - 6:00 PM', 'Wednesday: 8:00 AM - 6:00 PM', 'Thursday: 10:00 AM - 5:00 PM', 'Friday: 8:00 AM - 9:00 PM', 'Saturday: 8:00 AM - 6:00 PM', 'Sunday: 9:00 AM - 5:00 PM']","['Bike Build', 'In-Store Layby', 'Party', 'Pick Up', 'Soda Stream Refill']"
65,BIG W,BIG W Tweed City,1300411875,54 Minjungbal Highway ,Tweed Heads South,NSW,Australia,2486,-28.2015,153.5472,"['Monday: 8:00 AM - 6:00 PM', 'Tuesday: 8:00 AM - 6:00 PM', 'Wednesday: 8:00 AM - 6:00 PM', 'Thursday: 8:00 AM - 8:00 PM', 'Friday: 8:00 AM - 6:00 PM', 'Saturday: 8:00 AM - 6:00 PM', 'Sunday: 9:00 AM - 5:00 PM']","['Bike Build', 'Direct to Boot', 'In-Store Layby', 'Party', 'Pick Up', 'Soda Stream Refill']"
66,BIG W,BIG W Runaway Bay,1300411875,Lae Drive ,Runaway Bay,QLD,Australia,4216,-27.91393,153.40057,"['Monday: 8:30 AM - 6:00 PM', 'Tuesday: 8:30 AM - 6:00 PM', 'Wednesday: 8:30 AM - 6:00 PM', 'Thursday: 8:30 AM - 8:00 PM', 'Friday: 8:30 AM - 6:00 PM', 'Saturday: 8:00 AM - 5:00 PM', 'Sunday: 9:00 AM - 5:00 PM']","['Bike Build', 'In-Store Layby', 'Party', 'Pick Up', 'Soda Stream Refill']"
67,BIG W,BIG W Singleton,1300411875,Corner of John Street and Gowrie Street ,Singleton,NSW,Australia,2330,-32.5674,151.1651,"['Monday: 8:30 AM - 6:00 PM', 'Tuesday: 8:30 AM - 6:00 PM', 'Wednesday: 8:30 AM - 6:00 PM', 'Thursday: 8:30 AM - 8:00 PM', 'Friday: 8:30 AM - 6:00 PM', 'Saturday: 8:30 AM - 6:00 PM', 'Sunday: 9:00 AM - 5:00 PM']","['Bike Build', 'Direct to Boot', 'In-Store Layby', 'Pick Up', 'Soda Stream Refill']"
68,BIG W,BIG W Warringah Mall,1300411875,Corner of Pittwater Road and Condamine Road ,Brookvale,NSW,Australia,2100,-33.76772,151.26572,"['Monday: 8:30 AM - 7:00 PM', 'Tuesday: 8:30 AM - 7:00 PM', 'Wednesday: 8:30 AM - 7:00 PM', 'Thursday: 8:30 AM - 9:00 PM', 'Friday: 8:30 AM - 7:00 PM', 'Saturday: 8:30 AM - 7:00 PM', 'Sunday: 9:00 AM - 7:00 PM']","['Bike Build', 'In-Store Layby', 'Party', 'Pick Up', 'Soda Stream Refill']"
69,BIG W,BIG W Morwell,1300411875,Princess Drive ,Morwell,VIC,Australia,3840,-38.236485,146.42854,"['Monday: 8:00 AM - 7:00 PM', 'Tuesday: 8:00 AM - 7:00 PM', 'Wednesday: 8:00 AM - 7:00 PM', 'Thursday: 8:00 AM - 9:00 PM', 'Friday: 8:00 AM - 9:00 PM', 'Saturday: 8:00 AM - 6:00 PM', 'Sunday: 9:00 AM - 6:00 PM']","['Bike Build', 'Direct to Boot', 'In-Store Layby', 'Party', 'Pick Up', 'Soda Stream Refill']"
70,BIG W,BIG W Capalaba,1300411875,38-62 Moreton Bay Road ,Capalaba,QLD,Australia,4157,-27.521713,153.19453,"['Monday: 8:30 AM - 6:00 PM', 'Tuesday: 8:30 AM - 6:00 PM', 'Wednesday: 8:30 AM - 6:00 PM', 'Thursday: 8:30 AM - 8:00 PM', 'Friday: 8:30 AM - 6:00 PM', 'Saturday: 8:30 AM - 5:00 PM', 'Sunday: 9:00 AM - 5:00 PM']","['Bike Build', 'Direct to Boot', 'In-Store Layby', 'Party', 'Pick Up', 'Soda Stream Refill']"
71,BIG W,BIG W Rockdale,1300411875,1 Rockdale Plaza Drive ,Rockdale,NSW,Australia,2216,-33.95806,151.14085,"['Monday: 8:30 AM - 8:00 PM', 'Tuesday: 8:30 AM - 8:00 PM', 'Wednesday: 8:30 AM - 8:00 PM', 'Thursday: 8:30 AM - 9:00 PM', 'Friday: 8:30 AM - 9:00 PM', 'Saturday: 8:30 AM - 6:00 PM', 'Sunday: 9:00 AM - 6:00 PM']","['Bike Build', 'Direct to Boot', 'In-Store Layby', 'Party', 'Pick Up', 'Soda Stream Refill']"
72,BIG W,BIG W Wonthaggi,1300411875,5 Biggs Drive ,Wonthaggi,VIC,Australia,3995,-38.603313,145.58899,"['Monday: 8:00 AM - 7:00 PM', 'Tuesday: 8:00 AM - 7:00 PM', 'Wednesday: 8:00 AM - 7:00 PM', 'Thursday: 8:00 AM - 8:00 PM', 'Friday: 8:00 AM - 8:00 PM', 'Saturday: 8:00 AM - 6:00 PM', 'Sunday: 9:00 AM - 6:00 PM']","['Bike Build', 'Direct to Boot', 'In-Store Layby', 'Party', 'Pick Up', 'Soda Stream Refill']"
73,BIG W,BIG W Browns Plains,1300411875,Browns Plains Road and Mt Lindsay Highway ,Browns Plains,QLD,Australia,4118,-27.662758,153.05515,"['Monday: 8:30 AM - 6:00 PM', 'Tuesday: 8:30 AM - 6:00 PM', 'Wednesday: 8:30 AM - 6:00 PM', 'Thursday: 8:30 AM - 9:00 PM', 'Friday: 8:30 AM - 6:00 PM', 'Saturday: 8:00 AM - 5:00 PM', 'Sunday: 9:00 AM - 5:00 PM']","['Bike Build', 'Direct to Boot', 'In-Store Layby', 'Party', 'Pick Up', 'Soda Stream Refill']"
74,BIG W,BIG W Park Beach,1300411875,Corner of Pacific Highway and Park Road ,Coffs Harbour,NSW,Australia,2450,-30.283379,153.13242,"['Monday: 8:30 AM - 6:00 PM', 'Tuesday: 8:30 AM - 6:00 PM', 'Wednesday: 8:30 AM - 6:00 PM', 'Thursday: 8:30 AM - 9:00 PM', 'Friday: 8:30 AM - 6:00 PM', 'Saturday: 8:30 AM - 6:00 PM', 'Sunday: 9:00 AM - 5:00 PM']","['Bike Build', 'In-Store Layby', 'Party', 'Pick Up', 'Soda Stream Refill']"
75,BIG W,BIG W Ballarat,1300411875,Grenville Street and Curtis Street ,Ballarat,VIC,Australia,3350,-37.56116,143.8618,"['Monday: 8:00 AM - 7:00 PM', 'Tuesday: 8:00 AM - 7:00 PM', 'Wednesday: 8:00 AM - 7:00 PM', 'Thursday: 8:00 AM - 9:00 PM', 'Friday: 8:00 AM - 9:00 PM', 'Saturday: 8:00 AM - 7:00 PM', 'Sunday: 9:00 AM - 6:00 PM']","['Bike Build', 'Direct to Boot', 'In-Store Layby', 'Party', 'Pick Up', 'Soda Stream Refill']"
76,BIG W,BIG W Casuarina,1300411875,Corner of Trower Road and Dripstone Road ,Casuarina,NT,Australia,810,-12.3775,130.8821,"['Monday: 8:00 AM - 6:00 PM', 'Tuesday: 8:00 AM - 6:00 PM', 'Wednesday: 8:00 AM - 6:00 PM', 'Thursday: 8:00 AM - 6:00 PM', 'Friday: 8:00 AM - 9:00 PM', 'Saturday: 8:00 AM - 5:00 PM', 'Sunday: 9:00 AM - 5:00 PM']","['Bike Build', 'In-Store Layby', 'Party', 'Pick Up', 'Soda Stream Refill']"
77,BIG W,BIG W Raymond Terrace,1300411875,Port Stephens Road and Bourke Street ,Raymond Terrace,NSW,Australia,2324,-32.760967,151.74365,"['Monday: 8:30 AM - 7:00 PM', 'Tuesday: 8:30 AM - 7:00 PM', 'Wednesday: 8:30 AM - 7:00 PM', 'Thursday: 8:30 AM - 8:00 PM', 'Friday: 8:30 AM - 7:00 PM', 'Saturday: 8:30 AM - 6:00 PM', 'Sunday: 9:00 AM - 5:00 PM']","['Bike Build', 'In-Store Layby', 'Party', 'Pick Up', 'Soda Stream Refill']"
78,BIG W,BIG W Booval,1300411875,Corner of Brisbane Road and South Station Road ,Booval,QLD,Australia,4304,-27.6143,152.7889,"['Monday: 8:30 AM - 6:00 PM', 'Tuesday: 8:30 AM - 6:00 PM', 'Wednesday: 8:30 AM - 6:00 PM', 'Thursday: 8:30 AM - 9:00 PM', 'Friday: 8:30 AM - 6:00 PM', 'Saturday: 8:30 AM - 5:00 PM', 'Sunday: 9:00 AM - 5:00 PM']","['Bike Build', 'In-Store Layby', 'Party', 'Pick Up', 'Soda Stream Refill']"
79,BIG W,BIG W Werribee,1300411875,250 Heath Road ,Werribee,VIC,Australia,3030,-37.8777,144.6835,"['Monday: 8:00 AM - 6:00 PM', 'Tuesday: 8:00 AM - 6:00 PM', 'Wednesday: 8:00 AM - 6:00 PM', 'Thursday: 8:00 AM - 9:00 PM', 'Friday: 8:00 AM - 9:00 PM', 'Saturday: 8:00 AM - 7:00 PM', 'Sunday: 9:00 AM - 6:00 PM']","['Bike Build', 'Direct to Boot', 'In-Store Layby', 'Party', 'Pick Up', 'Soda Stream Refill']"
80,BIG W,BIG W Victor Harbor,1300411875,27 Torrens Street ,Victor Harbor,SA,Australia,5211,-35.552837,138.62027,"['Monday: 9:00 AM - 6:00 PM', 'Tuesday: 9:00 AM - 6:00 PM', 'Wednesday: 9:00 AM - 6:00 PM', 'Thursday: 9:00 AM - 7:00 PM', 'Friday: 9:00 AM - 6:00 PM', 'Saturday: 9:00 AM - 5:00 PM', 'Sunday: 9:00 AM - 5:00 PM']","['Bike Build', 'Direct to Boot', 'In-Store Layby', 'Pick Up', 'Soda Stream Refill']"
81,BIG W,BIG W Newcastle West,1300411875,23 Steel Street ,Newcastle West,NSW,Australia,2302,-32.928413,151.76404,"['Monday: 8:30 AM - 7:00 PM', 'Tuesday: 8:30 AM - 7:00 PM', 'Wednesday: 8:30 AM - 7:00 PM', 'Thursday: 8:30 AM - 9:00 PM', 'Friday: 8:30 AM - 8:00 PM', 'Saturday: 8:30 AM - 6:00 PM', 'Sunday: 9:00 AM - 6:00 PM']","['Bike Build', 'In-Store Layby', 'Pick Up', 'Soda Stream Refill']"
82,BIG W,BIG W Burleigh Heads,1300411875,149 West Burleigh Road ,Burleigh Heads,QLD,Australia,4220,-28.097614,153.44109,"['Monday: 8:30 AM - 6:00 PM', 'Tuesday: 8:30 AM - 6:00 PM', 'Wednesday: 8:30 AM - 6:00 PM', 'Thursday: 8:30 AM - 8:00 PM', 'Friday: 8:30 AM - 6:00 PM', 'Saturday: 8:30 AM - 5:00 PM', 'Sunday: 9:00 AM - 5:00 PM']","['Bike Build', 'Direct to Boot', 'In-Store Layby', 'Party', 'Pick Up', 'Soda Stream Refill']"
83,BIG W,BIG W Morayfield,1300411875,171 Morayfield Road ,Morayfield,QLD,Australia,4506,-27.102959,152.95033,"['Monday: 8:00 AM - 6:00 PM', 'Tuesday: 8:00 AM - 6:00 PM', 'Wednesday: 8:00 AM - 6:00 PM', 'Thursday: 8:00 AM - 9:00 PM', 'Friday: 8:00 AM - 6:00 PM', 'Saturday: 8:00 AM - 5:00 PM', 'Sunday: 9:00 AM - 5:00 PM']","['Bike Build', 'Direct to Boot', 'In-Store Layby', 'Party', 'Pick Up', 'Soda Stream Refill']"
84,BIG W,BIG W Mildura,1300411875,Fifteenth Street ,Mildura,VIC,Australia,3500,-34.20859,142.1425,"['Monday: 8:00 AM - 6:00 PM', 'Tuesday: 8:00 AM - 6:00 PM', 'Wednesday: 8:00 AM - 6:00 PM', 'Thursday: 8:00 AM - 7:00 PM', 'Friday: 8:00 AM - 9:00 PM', 'Saturday: 8:00 AM - 5:00 PM', 'Sunday: 9:00 AM - 5:00 PM']","['Bike Build', 'Direct to Boot', 'In-Store Layby', 'Party', 'Pick Up', 'Soda Stream Refill']"
85,BIG W,BIG W Blacktown,1300411875,17 Patrick Street ,Blacktown,NSW,Australia,2148,-33.772972,150.90541,"['Monday: 8:30 AM - 7:00 PM', 'Tuesday: 8:30 AM - 7:00 PM', 'Wednesday: 8:30 AM - 7:00 PM', 'Thursday: 8:30 AM - 10:00 PM', 'Friday: 8:30 AM - 7:00 PM', 'Saturday: 8:30 AM - 7:00 PM', 'Sunday: 9:00 AM - 6:00 PM']","['Bike Build', 'Direct to Boot', 'In-Store Layby', 'Party', 'Pick Up', 'Soda Stream Refill']"
86,BIG W,BIG W Springfield,1300411875,1 Main Street ,Springfield Central,QLD,Australia,4300,-27.676506,152.9027,"['Monday: 8:30 AM - 6:00 PM', 'Tuesday: 8:30 AM - 6:00 PM', 'Wednesday: 8:30 AM - 6:00 PM', 'Thursday: 8:30 AM - 9:00 PM', 'Friday: 8:30 AM - 6:00 PM', 'Saturday: 8:30 AM - 6:00 PM', 'Sunday: 9:00 AM - 6:00 PM']","['Bike Build', 'Direct to Boot', 'In-Store Layby', 'Party', 'Pick Up', 'Soda Stream Refill']"
87,BIG W,BIG W Charlestown,1300411875,30 Pearson Street ,Charlestown,NSW,Australia,2290,-32.964153,151.69382,"['Monday: 8:30 AM - 6:00 PM', 'Tuesday: 8:30 AM - 6:00 PM', 'Wednesday: 8:30 AM - 6:00 PM', 'Thursday: 8:30 AM - 9:00 PM', 'Friday: 8:30 AM - 6:00 PM', 'Saturday: 8:30 AM - 6:00 PM', 'Sunday: 9:00 AM - 6:00 PM']","['Bike Build', 'Direct to Boot', 'In-Store Layby', 'Party', 'Pick Up', 'Soda Stream Refill']"
88,BIG W,BIG W Atherton,1300411875,8-20 Mabel Street ,Atherton,QLD,Australia,4883,-17.264374,145.47905,"['Monday: 8:30 AM - 6:00 PM', 'Tuesday: 8:30 AM - 6:00 PM', 'Wednesday: 8:30 AM - 6:00 PM', 'Thursday: 8:00 AM - 7:00 PM', 'Friday: 8:30 AM - 6:00 PM', 'Saturday: 8:00 AM - 5:00 PM', 'Sunday: 9:00 AM - 5:00 PM']","['Bike Build', 'In-Store Layby', 'Pick Up', 'Soda Stream Refill']"
89,BIG W,BIG W Nambour,1300411875,Corner of Howard Street and Ann Street ,Nambour,QLD,Australia,4560,-26.6271,152.9608,"['Monday: 8:00 AM - 6:00 PM', 'Tuesday: 8:00 AM - 6:00 PM', 'Wednesday: 8:00 AM - 6:00 PM', 'Thursday: 8:00 AM - 7:00 PM', 'Friday: 8:00 AM - 6:00 PM', 'Saturday: 8:00 AM - 6:00 PM', 'Sunday: 9:00 AM - 5:00 PM']","['Bike Build', 'In-Store Layby', 'Pick Up', 'Soda Stream Refill']"
90,BIG W,BIG W Gympie,1300411875,Corner of Perseverance Street and Excelsior Road ,Gympie,QLD,Australia,4570,-26.199358,152.66809,"['Monday: 8:00 AM - 6:00 PM', 'Tuesday: 8:00 AM - 6:00 PM', 'Wednesday: 8:00 AM - 6:00 PM', 'Thursday: 8:00 AM - 8:00 PM', 'Friday: 8:00 AM - 6:00 PM', 'Saturday: 8:00 AM - 6:00 PM', 'Sunday: 9:00 AM - 5:00 PM']","['Bike Build', 'In-Store Layby', 'Pick Up', 'Soda Stream Refill']"
91,BIG W,BIG W Golden Grove,1300411875,The Golden Way and The Grove Way ,Golden Grove,SA,Australia,5125,-34.789917,138.69424,"['Monday: 9:00 AM - 6:00 PM', 'Tuesday: 9:00 AM - 6:00 PM', 'Wednesday: 9:00 AM - 6:00 PM', 'Thursday: 9:00 AM - 9:00 PM', 'Friday: 9:00 AM - 6:00 PM', 'Saturday: 8:30 AM - 5:00 PM', 'Sunday: 9:00 AM - 5:00 PM']","['Bike Build', 'Direct to Boot', 'In-Store Layby', 'Pick Up', 'Soda Stream Refill']"
92,BIG W,BIG W Wetherill Park,1300411875,561-583 Polding Street ,Wetherill Park,NSW,Australia,2164,-33.860928,150.90115,"['Monday: 8:30 AM - 7:00 PM', 'Tuesday: 8:30 AM - 7:00 PM', 'Wednesday: 8:30 AM - 7:00 PM', 'Thursday: 8:30 AM - 9:00 PM', 'Friday: 8:30 AM - 7:00 PM', 'Saturday: 8:30 AM - 7:00 PM', 'Sunday: 9:00 AM - 6:00 PM']","['Bike Build', 'In-Store Layby', 'Party', 'Pick Up', 'Soda Stream Refill']"
93,BIG W,BIG W Kingaroy,1300411875,Corner of Youngman Street and Markwell Street ,Kingaroy,QLD,Australia,4610,-26.5409,151.8393,"['Monday: 8:30 AM - 6:00 PM', 'Tuesday: 8:30 AM - 6:00 PM', 'Wednesday: 8:30 AM - 6:00 PM', 'Thursday: 8:30 AM - 7:00 PM', 'Friday: 8:30 AM - 6:00 PM', 'Saturday: 8:30 AM - 5:00 PM', 'Sunday: Closed']","['Bike Build', 'In-Store Layby', 'Pick Up', 'Soda Stream Refill']"
94,BIG W,BIG W Kilkenny,1300411875,470 Torrens Road ,Kilkenny,SA,Australia,5009,-34.872723,138.55017,"['Monday: 9:00 AM - 7:00 PM', 'Tuesday: 9:00 AM - 7:00 PM', 'Wednesday: 9:00 AM - 7:00 PM', 'Thursday: 9:00 AM - 9:00 PM', 'Friday: 9:00 AM - 7:00 PM', 'Saturday: 8:30 AM - 5:00 PM', 'Sunday: 9:00 AM - 5:00 PM']","['Bike Build', 'Direct to Boot', 'In-Store Layby', 'Pick Up', 'Soda Stream Refill']"
95,BIG W,BIG W Jesmond,1300411875,Corner of Blue Gum Road and Mordue Parade ,Jesmond,NSW,Australia,2299,-32.9042,151.6906,"['Monday: 8:30 AM - 7:00 PM', 'Tuesday: 8:30 AM - 7:00 PM', 'Wednesday: 8:30 AM - 7:00 PM', 'Thursday: 8:30 AM - 9:00 PM', 'Friday: 8:30 AM - 7:00 PM', 'Saturday: 8:30 AM - 7:00 PM', 'Sunday: 9:00 AM - 5:00 PM']","['Bike Build', 'In-Store Layby', 'Party', 'Pick Up', 'Soda Stream Refill']"
96,BIG W,BIG W Tea Tree Plaza,1300411875,976 North East Road ,Modbury,SA,Australia,5092,-34.83149,138.69122,"['Monday: 8:30 AM - 7:00 PM', 'Tuesday: 8:30 AM - 7:00 PM', 'Wednesday: 8:30 AM - 7:00 PM', 'Thursday: 8:30 AM - 9:00 PM', 'Friday: 8:30 AM - 8:00 PM', 'Saturday: 8:30 AM - 5:00 PM', 'Sunday: 9:00 AM - 5:00 PM']","['Bike Build', 'In-Store Layby', 'Party', 'Pick Up', 'Soda Stream Refill']"
97,BIG W,BIG W Macquarie,1300411875,109 Waterloo Road ,North Ryde,NSW,Australia,2113,-33.77551,151.12094,"['Monday: 8:30 AM - 7:00 PM', 'Tuesday: 8:30 AM - 7:00 PM', 'Wednesday: 8:30 AM - 7:00 PM', 'Thursday: 8:30 AM - 9:00 PM', 'Friday: 8:30 AM - 7:00 PM', 'Saturday: 8:30 AM - 7:00 PM', 'Sunday: 9:00 AM - 7:00 PM']","['Bike Build', 'In-Store Layby', 'Party', 'Pick Up', 'Soda Stream Refill']"
98,BIG W,BIG W Taigum,1300411875,Corner of Beams Road and Church Road ,Taigum,QLD,Australia,4018,-27.34986,153.04884,"['Monday: 8:30 AM - 6:00 PM', 'Tuesday: 8:30 AM - 6:00 PM', 'Wednesday: 8:30 AM - 6:00 PM', 'Thursday: 8:30 AM - 8:00 PM', 'Friday: 8:30 AM - 6:00 PM', 'Saturday: 8:30 AM - 5:00 PM', 'Sunday: 9:00 AM - 5:00 PM']","['Bike Build', 'Direct to Boot', 'In-Store Layby', 'Pick Up', 'Soda Stream Refill']"
99,BIG W,BIG W Epping,1300411875,571-583 High Street ,Epping,VIC,Australia,3076,-37.64667,145.02612,"['Monday: 8:00 AM - 7:00 PM', 'Tuesday: 8:00 AM - 7:00 PM', 'Wednesday: 8:00 AM - 7:00 PM', 'Thursday: 8:00 AM - 9:00 PM', 'Friday: 8:00 AM - 9:00 PM', 'Saturday: 8:00 AM - 6:00 PM', 'Sunday: 9:00 AM - 6:00 PM']","['Bike Build', 'Direct to Boot', 'In-Store Layby', 'Party', 'Pick Up', 'Soda Stream Refill']"
100,BIG W,BIG W Parabanks,1300411875,John Street and Gawler Street ,Salisbury,SA,Australia,5108,-34.759956,138.64552,"['Monday: 8:30 AM - 7:00 PM', 'Tuesday: 8:30 AM - 7:00 PM', 'Wednesday: 8:30 AM - 7:00 PM', 'Thursday: 8:30 AM - 9:00 PM', 'Friday: 8:30 AM - 7:00 PM', 'Saturday: 8:30 AM - 5:00 PM', 'Sunday: 9:00 AM - 5:00 PM']","['Bike Build', 'In-Store Layby', 'Party', 'Pick Up', 'Soda Stream Refill']"
101,BIG W,BIG W Winston Hills,1300411875,180-190 Caroline Chisolm Drive ,Winston Hills,NSW,Australia,2153,-33.77231,150.96878,"['Monday: 8:30 AM - 7:00 PM', 'Tuesday: 8:30 AM - 7:00 PM', 'Wednesday: 8:30 AM - 7:00 PM', 'Thursday: 8:30 AM - 9:00 PM', 'Friday: 8:30 AM - 7:00 PM', 'Saturday: 8:30 AM - 7:00 PM', 'Sunday: 9:00 AM - 6:00 PM']","['Bike Build', 'In-Store Layby', 'Party', 'Pick Up', 'Soda Stream Refill']"
102,BIG W,BIG W Macarthur,0730123313,255 Queen Street ,Brisbane City,QLD,Australia,4000,-27.468357,153.02757,"['Monday: 8:00 AM - 7:00 PM', 'Tuesday: 8:00 AM - 7:00 PM', 'Wednesday: 8:00 AM - 7:00 PM', 'Thursday: 8:00 AM - 7:00 PM', 'Friday: 8:00 AM - 8:00 PM', 'Saturday: 9:00 AM - 6:00 PM', 'Sunday: 10:00 AM - 5:00 PM']","['Bike Build', 'Party', 'Pick Up', 'Soda Stream Refill']"
103,BIG W,BIG W Waverley Gardens,1300411875,Police Road and Jackson's Road ,Mulgrave,VIC,Australia,3170,-37.93485,145.18954,"['Monday: 8:00 AM - 6:00 PM', 'Tuesday: 8:00 AM - 6:00 PM', 'Wednesday: 8:00 AM - 6:00 PM', 'Thursday: 8:00 AM - 9:00 PM', 'Friday: 8:00 AM - 9:00 PM', 'Saturday: 8:00 AM - 6:00 PM', 'Sunday: 9:00 AM - 6:00 PM']","['Bike Build', 'In-Store Layby', 'Pick Up', 'Soda Stream Refill']"
104,BIG W,BIG W Marion,1300411875,297 Diagonal Road ,Oaklands Park,SA,Australia,5046,-35.014393,138.54536,"['Monday: 8:30 AM - 7:00 PM', 'Tuesday: 8:30 AM - 7:00 PM', 'Wednesday: 8:30 AM - 7:00 PM', 'Thursday: 8:30 AM - 9:00 PM', 'Friday: 8:30 AM - 7:00 PM', 'Saturday: 8:30 AM - 5:00 PM', 'Sunday: 9:00 AM - 5:00 PM']","['Bike Build', 'In-Store Layby', 'Party', 'Pick Up', 'Soda Stream Refill']"
105,BIG W,BIG W Glenorchy,1300411875,6 Cooper Street ,Glenorchy,TAS,Australia,7010,-42.83369,147.27975,"['Monday: 8:00 AM - 6:00 PM', 'Tuesday: 8:00 AM - 6:00 PM', 'Wednesday: 8:00 AM - 6:00 PM', 'Thursday: 10:00 AM - 5:00 PM', 'Friday: 8:00 AM - 8:00 PM', 'Saturday: 8:00 AM - 6:00 PM', 'Sunday: 9:00 AM - 5:00 PM']","['Bike Build', 'In-Store Layby', 'Party', 'Pick Up', 'Soda Stream Refill']"
106,BIG W,BIG W Campbelltown,1300411875,200 Gilchrist Drive ,Ambarvale,NSW,Australia,2560,-34.07748,150.79755,"['Monday: 8:30 AM - 8:00 PM', 'Tuesday: 8:30 AM - 8:00 PM', 'Wednesday: 8:30 AM - 8:00 PM', 'Thursday: 8:30 AM - 10:00 PM', 'Friday: 8:30 AM - 8:00 PM', 'Saturday: 8:00 AM - 8:00 PM', 'Sunday: 8:00 AM - 7:00 PM']","['Bike Build', 'Direct to Boot', 'In-Store Layby', 'Party', 'Pick Up', 'Soda Stream Refill']"
107,BIG W,BIG W Beenleigh,1300411875,114-118 George Street ,Beenleigh,QLD,Australia,4207,-27.717718,153.20668,"['Monday: 8:30 AM - 6:00 PM', 'Tuesday: 8:30 AM - 6:00 PM', 'Wednesday: 8:30 AM - 6:00 PM', 'Thursday: 8:30 AM - 9:00 PM', 'Friday: 8:30 AM - 6:00 PM', 'Saturday: 8:30 AM - 5:00 PM', 'Sunday: 9:00 AM - 5:00 PM']","['Bike Build', 'In-Store Layby', 'Party', 'Pick Up', 'Soda Stream Refill']"
108,BIG W,BIG W Elizabeth,1300411875,Princess Ann Walk ,Elizabeth,SA,Australia,5112,-34.72247,138.66855,"['Monday: 8:30 AM - 7:00 PM', 'Tuesday: 8:30 AM - 7:00 PM', 'Wednesday: 8:30 AM - 7:00 PM', 'Thursday: 8:30 AM - 9:00 PM', 'Friday: 8:30 AM - 7:00 PM', 'Saturday: 8:30 AM - 5:00 PM', 'Sunday: 9:00 AM - 5:00 PM']","['Bike Build', 'In-Store Layby', 'Party', 'Pick Up', 'Soda Stream Refill']"
109,BIG W,BIG W Kingston,1300411875,37-43 Channel Highway ,Kingston,TAS,Australia,7050,-42.97588,147.30849,"['Monday: 8:00 AM - 6:00 PM', 'Tuesday: 8:00 AM - 6:00 PM', 'Wednesday: 8:00 AM - 6:00 PM', 'Thursday: 10:00 AM - 5:00 PM', 'Friday: 8:00 AM - 9:00 PM', 'Saturday: 8:00 AM - 6:00 PM', 'Sunday: 9:00 AM - 5:00 PM']","['Bike Build', 'In-Store Layby', 'Party', 'Pick Up', 'Soda Stream Refill']"
110,BIG W,BIG W Maryborough,1300411875,142 Lennox Street ,Maryborough,QLD,Australia,4650,-25.538927,152.69951,"['Monday: 8:00 AM - 6:00 PM', 'Tuesday: 8:00 AM - 6:00 PM', 'Wednesday: 8:00 AM - 6:00 PM', 'Thursday: 8:00 AM - 7:00 PM', 'Friday: 8:00 AM - 6:00 PM', 'Saturday: 8:00 AM - 5:00 PM', 'Sunday: 9:00 AM - 5:00 PM']","['Bike Build', 'Direct to Boot', 'In-Store Layby', 'Pick Up', 'Soda Stream Refill']"
111,BIG W,BIG W Cumberland Park,1300411875,366 Goodwood Road ,Cumberland Park,SA,Australia,5041,-34.96735,138.58995,"['Monday: 8:00 AM - 9:00 PM', 'Tuesday: 8:00 AM - 9:00 PM', 'Wednesday: 8:00 AM - 9:00 PM', 'Thursday: 8:00 AM - 9:00 PM', 'Friday: 8:00 AM - 9:00 PM', 'Saturday: 8:00 AM - 5:00 PM', 'Sunday: 9:00 AM - 5:00 PM']","['Bike Build', 'Direct to Boot', 'In-Store Layby', 'Party', 'Pick Up', 'Soda Stream Refill']"
112,BIG W,BIG W Gawler,1300411875,2 Commercial Lane ,Gawler,SA,Australia,5118,-34.598083,138.74806,"['Monday: 8:30 AM - 7:00 PM', 'Tuesday: 8:30 AM - 7:00 PM', 'Wednesday: 8:30 AM - 7:00 PM', 'Thursday: 8:30 AM - 9:00 PM', 'Friday: 8:30 AM - 7:00 PM', 'Saturday: 8:30 AM - 5:00 PM', 'Sunday: 9:00 AM - 5:00 PM']","['Bike Build', 'Direct to Boot', 'In-Store Layby', 'Party', 'Pick Up', 'Soda Stream Refill']"
113,BIG W,BIG W Colonnades,1300411875,Beach Road ,Noarlunga Centre,SA,Australia,5168,-35.142212,138.49858,"['Monday: 9:00 AM - 6:00 PM', 'Tuesday: 9:00 AM - 6:00 PM', 'Wednesday: 9:00 AM - 6:00 PM', 'Thursday: 9:00 AM - 9:00 PM', 'Friday: 9:00 AM - 6:00 PM', 'Saturday: 8:30 AM - 5:00 PM', 'Sunday: 9:00 AM - 5:00 PM']","['Bike Build', 'Direct to Boot', 'In-Store Layby', 'Party', 'Pick Up', 'Soda Stream Refill']"
114,BIG W,BIG W Mt Hutton,1300411875,Wilson Road and Rosalind Street ,Mount Hutton,NSW,Australia,2290,-32.985023,151.67189,"['Monday: 8:30 AM - 6:00 PM', 'Tuesday: 8:30 AM - 6:00 PM', 'Wednesday: 8:30 AM - 6:00 PM', 'Thursday: 8:30 AM - 8:00 PM', 'Friday: 8:30 AM - 6:00 PM', 'Saturday: 8:30 AM - 6:00 PM', 'Sunday: 9:00 AM - 5:00 PM']","['Bike Build', 'Direct to Boot', 'In-Store Layby', 'Party', 'Pick Up', 'Soda Stream Refill']"
115,BIG W,BIG W Menai,1300411875,152-194 Allison Crescent ,Menai,NSW,Australia,2234,-34.014027,151.01549,"['Monday: 8:30 AM - 8:00 PM', 'Tuesday: 8:30 AM - 8:00 PM', 'Wednesday: 8:30 AM - 8:00 PM', 'Thursday: 8:30 AM - 9:00 PM', 'Friday: 8:30 AM - 8:00 PM', 'Saturday: 8:30 AM - 7:00 PM', 'Sunday: 9:00 AM - 6:00 PM']","['Bike Build', 'Direct to Boot', 'In-Store Layby', 'Party', 'Pick Up', 'Soda Stream Refill']"
116,BIG W,BIG W Belmont,1300411875,Abernethy Street and Wright Street ,Cloverdale,WA,Australia,6105,-31.966726,115.932884,"['Monday: 8:00 AM - 9:00 PM', 'Tuesday: 8:00 AM - 9:00 PM', 'Wednesday: 8:00 AM - 9:00 PM', 'Thursday: 8:00 AM - 9:00 PM', 'Friday: 8:00 AM - 9:00 PM', 'Saturday: 8:00 AM - 5:00 PM', 'Sunday: 11:00 AM - 5:00 PM']","['Bike Build', 'In-Store Layby', 'Party', 'Pick Up', 'Soda Stream Refill']"
117,BIG W,BIG W Tuggerah,1300411875,16 Gavenlock Road ,Tuggerah,NSW,Australia,2259,-33.308838,151.41388,"['Monday: 8:30 AM - 6:00 PM', 'Tuesday: 8:30 AM - 6:00 PM', 'Wednesday: 8:30 AM - 6:00 PM', 'Thursday: 8:30 AM - 9:00 PM', 'Friday: 8:30 AM - 6:00 PM', 'Saturday: 8:00 AM - 6:00 PM', 'Sunday: 9:00 AM - 6:00 PM']","['Bike Build', 'In-Store Layby', 'Party', 'Pick Up', 'Soda Stream Refill']"
118,BIG W,BIG W Bathurst,1300411875,Corner of Bentinck Street and Howick street ,Bathurst,NSW,Australia,2795,-33.419,149.5832,"['Monday: 8:30 AM - 6:00 PM', 'Tuesday: 8:30 AM - 6:00 PM', 'Wednesday: 8:30 AM - 6:00 PM', 'Thursday: 8:30 AM - 9:00 PM', 'Friday: 8:30 AM - 6:00 PM', 'Saturday: 8:00 AM - 6:00 PM', 'Sunday: 8:30 AM - 5:00 PM']","['Bike Build', 'In-Store Layby', 'Party', 'Pick Up', 'Soda Stream Refill']"
119,BIG W,BIG W Port Macquarie,1300411875,Bay Street and Park Street ,Port Macquarie,NSW,Australia,2444,-31.427753,152.89467,"['Monday: 8:30 AM - 6:00 PM', 'Tuesday: 8:30 AM - 6:00 PM', 'Wednesday: 8:30 AM - 6:00 PM', 'Thursday: 8:30 AM - 8:00 PM', 'Friday: 8:30 AM - 6:00 PM', 'Saturday: 8:30 AM - 6:00 PM', 'Sunday: 9:00 AM - 5:00 PM']","['Bike Build', 'In-Store Layby', 'Party', 'Pick Up', 'Soda Stream Refill']"
120,BIG W,BIG W Grand Central,1300411875,Corner of Dent Street and Margaret Street ,Toowoomba,QLD,Australia,4350,-27.560677,151.9498,"['Monday: 8:30 AM - 6:00 PM', 'Tuesday: 8:30 AM - 6:00 PM', 'Wednesday: 8:30 AM - 6:00 PM', 'Thursday: 8:30 AM - 9:00 PM', 'Friday: 8:30 AM - 6:00 PM', 'Saturday: 8:30 AM - 6:00 PM', 'Sunday: 9:00 AM - 5:00 PM']","['Bike Build', 'Direct to Boot', 'In-Store Layby', 'Party', 'Pick Up', 'Soda Stream Refill']"
121,BIG W,BIG W Miranda,1300411875,600 Kingsway ,Miranda,NSW,Australia,2228,-34.03501,151.10016,"['Monday: 8:30 AM - 7:00 PM', 'Tuesday: 8:30 AM - 7:00 PM', 'Wednesday: 8:30 AM - 7:00 PM', 'Thursday: 8:30 AM - 9:00 PM', 'Friday: 8:30 AM - 7:00 PM', 'Saturday: 8:30 AM - 7:00 PM', 'Sunday: 9:00 AM - 6:00 PM']","['Bike Build', 'In-Store Layby', 'Party', 'Pick Up', 'Soda Stream Refill']"
122,BIG W,Sunshine Plaza,1300411875,"Shop 10 Sunshine Plaza S/C, 154-164 Horton Pde ",Maroochydore,QLD,Australia,4558,-26.655424,153.08434,"['Monday: 8:30 AM - 6:00 PM', 'Tuesday: 8:30 AM - 6:00 PM', 'Wednesday: 8:30 AM - 6:00 PM', 'Thursday: 8:30 AM - 9:00 PM', 'Friday: 8:30 AM - 6:00 PM', 'Saturday: 8:30 AM - 6:00 PM', 'Sunday: 9:00 AM - 5:00 PM']","['Bike Build', 'In-Store Layby', 'Party', 'Pick Up', 'Soda Stream Refill']"
123,BIG W,BIG W Ellenbrook,1300411875,11 Main Street ,Ellenbrook,WA,Australia,6069,-31.782654,115.97033,"['Monday: 8:00 AM - 9:00 PM', 'Tuesday: 8:00 AM - 9:00 PM', 'Wednesday: 8:00 AM - 9:00 PM', 'Thursday: 8:00 AM - 9:00 PM', 'Friday: 8:00 AM - 9:00 PM', 'Saturday: 8:00 AM - 5:00 PM', 'Sunday: 11:00 AM - 5:00 PM']","['Bike Build', 'Direct to Boot', 'In-Store Layby', 'Party', 'Pick Up', 'Soda Stream Refill']"
124,BIG W,BIG W Mount Gambier,1300411875,182 Penola Road ,Mount Gambier,SA,Australia,5290,-37.811066,140.78961,"['Monday: 8:30 AM - 6:00 PM', 'Tuesday: 8:30 AM - 6:00 PM', 'Wednesday: 8:30 AM - 6:00 PM', 'Thursday: 8:30 AM - 9:00 PM', 'Friday: 8:30 AM - 6:00 PM', 'Saturday: 8:30 AM - 5:30 PM', 'Sunday: 9:00 AM - 5:00 PM']","['Bike Build', 'Direct to Boot', 'In-Store Layby', 'Party', 'Pick Up', 'Soda Stream Refill']"
125,BIG W,BIG W Livingston,1300411875,Ranford Road and Nicholson Road ,Canning Vale,WA,Australia,6155,-32.08731,115.91746,"['Monday: 8:00 AM - 9:00 PM', 'Tuesday: 8:00 AM - 9:00 PM', 'Wednesday: 8:00 AM - 9:00 PM', 'Thursday: 8:00 AM - 9:00 PM', 'Friday: 8:00 AM - 9:00 PM', 'Saturday: 8:00 AM - 5:00 PM', 'Sunday: 11:00 AM - 5:00 PM']","['Bike Build', 'Direct to Boot', 'In-Store Layby', 'Party', 'Pick Up', 'Soda Stream Refill']"
126,BIG W,BIG W Gateways,1300411875,Kwinana Freeway and Beeliar Drive ,Success,WA,Australia,6164,-32.14336,115.85963,"['Monday: 8:00 AM - 9:00 PM', 'Tuesday: 8:00 AM - 9:00 PM', 'Wednesday: 8:00 AM - 9:00 PM', 'Thursday: 8:00 AM - 9:00 PM', 'Friday: 8:00 AM - 9:00 PM', 'Saturday: 8:00 AM - 5:00 PM', 'Sunday: 11:00 AM - 5:00 PM']","['Bike Build', 'Direct to Boot', 'In-Store Layby', 'Party', 'Pick Up', 'Soda Stream Refill']"
127,BIG W,BIG W Katoomba,1300411875,Corner of Waratah Street and Parke Street ,Katoomba,NSW,Australia,2780,-33.714,150.3099,"['Monday: 8:30 AM - 6:00 PM', 'Tuesday: 8:30 AM - 6:00 PM', 'Wednesday: 8:30 AM - 6:00 PM', 'Thursday: 8:30 AM - 7:00 PM', 'Friday: 8:30 AM - 6:00 PM', 'Saturday: 8:30 AM - 6:00 PM', 'Sunday: 8:30 AM - 6:00 PM']","['Bike Build', 'Direct to Boot', 'In-Store Layby', 'Pick Up', 'Soda Stream Refill']"
128,BIG W,BIG W Seaford,1300411875,Commercial Road ,Seaford Rise,SA,Australia,5169,-35.188488,138.47968,"['Monday: 9:00 AM - 6:00 PM', 'Tuesday: 9:00 AM - 6:00 PM', 'Wednesday: 9:00 AM - 6:00 PM', 'Thursday: 9:00 AM - 8:00 PM', 'Friday: 9:00 AM - 6:00 PM', 'Saturday: 9:00 AM - 5:00 PM', 'Sunday: 9:00 AM - 5:00 PM']","['Bike Build', 'Direct to Boot', 'In-Store Layby', 'Pick Up', 'Soda Stream Refill']"
129,BIG W,BIG W Murray Bridge,1300411875,Corner of Seventh Street and South Terrace ,Murray Bridge,SA,Australia,5253,-35.118576,139.27596,"['Monday: 9:00 AM - 6:00 PM', 'Tuesday: 9:00 AM - 6:00 PM', 'Wednesday: 9:00 AM - 6:00 PM', 'Thursday: 9:00 AM - 8:00 PM', 'Friday: 9:00 AM - 6:00 PM', 'Saturday: 9:00 AM - 5:00 PM', 'Sunday: 9:00 AM - 5:00 PM']","['Bike Build', 'In-Store Layby', 'Party', 'Pick Up', 'Soda Stream Refill']"
130,BIG W,BIG W Whitsunday,1300411875,Corner of Proserpine Road and Shute Harbour Road ,Cannonvale,QLD,Australia,4802,-20.283,148.6883,"['Monday: 9:00 AM - 6:00 PM', 'Tuesday: 9:00 AM - 6:00 PM', 'Wednesday: 9:00 AM - 6:00 PM', 'Thursday: 9:00 AM - 7:00 PM', 'Friday: 9:00 AM - 6:00 PM', 'Saturday: 9:00 AM - 5:00 PM', 'Sunday: 10:00 AM - 4:00 PM']","['Bike Build', 'In-Store Layby', 'Pick Up', 'Soda Stream Refill']"
131,BIG W,BIG W Hallett Cove,1300411875,246 Lonsdale Road ,Hallett Cove,SA,Australia,5158,-35.076717,138.51703,"['Monday: 9:00 AM - 6:00 PM', 'Tuesday: 9:00 AM - 6:00 PM', 'Wednesday: 9:00 AM - 6:00 PM', 'Thursday: 9:00 AM - 8:00 PM', 'Friday: 9:00 AM - 6:00 PM', 'Saturday: 9:00 AM - 5:00 PM', 'Sunday: 9:00 AM - 5:00 PM']","['Bike Build', 'In-Store Layby', 'Pick Up', 'Soda Stream Refill']"
132,BIG W,BIG W Midland Gate,1300411875,Great Eastern Highway ,Midland,WA,Australia,6056,-31.89033,116.00154,"['Monday: 8:00 AM - 9:00 PM', 'Tuesday: 8:00 AM - 9:00 PM', 'Wednesday: 8:00 AM - 9:00 PM', 'Thursday: 8:00 AM - 9:00 PM', 'Friday: 8:00 AM - 9:00 PM', 'Saturday: 8:00 AM - 5:00 PM', 'Sunday: 11:00 AM - 5:00 PM']","['Bike Build', 'Direct to Boot', 'In-Store Layby', 'Party', 'Pick Up', 'Soda Stream Refill']"
133,BIG W,BIG W Tuggeranong,1300411875,Corner of Ankertell Street and Pitman Street ,Greenway,ACT,Australia,2900,-35.4145,149.0668,"['Monday: 8:30 AM - 7:00 PM', 'Tuesday: 8:30 AM - 7:00 PM', 'Wednesday: 8:30 AM - 7:00 PM', 'Thursday: 8:30 AM - 7:00 PM', 'Friday: 8:30 AM - 9:00 PM', 'Saturday: 8:30 AM - 6:00 PM', 'Sunday: 9:00 AM - 6:00 PM']","['Bike Build', 'In-Store Layby', 'Party', 'Pick Up', 'Soda Stream Refill']"
134,BIG W,BIG W Dalby,1300411875,Corner of Cunningham Street and Patrick Street ,Dalby,QLD,Australia,4405,-27.181538,151.26619,"['Monday: 9:00 AM - 6:00 PM', 'Tuesday: 9:00 AM - 6:00 PM', 'Wednesday: 9:00 AM - 6:00 PM', 'Thursday: 9:00 AM - 7:30 PM', 'Friday: 9:00 AM - 6:00 PM', 'Saturday: 9:00 AM - 5:00 PM', 'Sunday: 9:00 AM - 4:00 PM']","['Bike Build', 'In-Store Layby', 'Pick Up', 'Soda Stream Refill']"
135,BIG W,BIG W Renmark,1300411875,Corner Of Nineteenth and Twentieth Street ,Renmark,SA,Australia,5341,-34.177284,140.74152,"['Monday: 9:00 AM - 6:00 PM', 'Tuesday: 9:00 AM - 6:00 PM', 'Wednesday: 9:00 AM - 6:00 PM', 'Thursday: 9:00 AM - 8:00 PM', 'Friday: 9:00 AM - 7:00 PM', 'Saturday: 8:30 AM - 5:00 PM', 'Sunday: 9:00 AM - 5:00 PM']","['Bike Build', 'Direct to Boot', 'In-Store Layby', 'Pick Up', 'Soda Stream Refill']"
136,BIG W,BIG W Bega,1300411875,106 Auckland Street ,Bega,NSW,Australia,2550,-36.67849,149.83981,"['Monday: 9:00 AM - 6:00 PM', 'Tuesday: 9:00 AM - 6:00 PM', 'Wednesday: 9:00 AM - 6:00 PM', 'Thursday: 9:00 AM - 7:00 PM', 'Friday: 9:00 AM - 6:00 PM', 'Saturday: 9:00 AM - 5:00 PM', 'Sunday: 9:00 AM - 5:00 PM']","['Bike Build', 'Direct to Boot', 'In-Store Layby', 'Pick Up', 'Soda Stream Refill']"
137,BIG W,BIG W Merrylands,1300411875,191-201 Pitt Street ,Merrylands,NSW,Australia,2160,-33.83481,150.99142,"['Monday: 8:30 AM - 7:00 PM', 'Tuesday: 8:30 AM - 7:00 PM', 'Wednesday: 8:30 AM - 7:00 PM', 'Thursday: 8:30 AM - 10:00 PM', 'Friday: 8:30 AM - 7:00 PM', 'Saturday: 8:30 AM - 7:00 PM', 'Sunday: 9:00 AM - 6:00 PM']","['Bike Build', 'Direct to Boot', 'In-Store Layby', 'Party', 'Pick Up', 'Soda Stream Refill']"
138,BIG W,BIG W Joondalup,1300411875,420 Joondalup Drive ,Joondalup,WA,Australia,6027,-31.743801,115.766495,"['Monday: 8:00 AM - 9:00 PM', 'Tuesday: 8:00 AM - 9:00 PM', 'Wednesday: 8:00 AM - 9:00 PM', 'Thursday: 8:00 AM - 9:00 PM', 'Friday: 8:00 AM - 9:00 PM', 'Saturday: 8:00 AM - 5:00 PM', 'Sunday: 11:00 AM - 5:00 PM']","['Bike Build', 'Direct to Boot', 'In-Store Layby', 'Party', 'Pick Up', 'Soda Stream Refill']"
139,BIG W,BIG W Willows,1300411875,Corner of Thuringowa Drive and Harveys Range Road ,Kirwan,QLD,Australia,4817,-19.314465,146.72707,"['Monday: 8:00 AM - 6:00 PM', 'Tuesday: 8:00 AM - 6:00 PM', 'Wednesday: 8:00 AM - 6:00 PM', 'Thursday: 8:00 AM - 9:00 PM', 'Friday: 8:00 AM - 6:00 PM', 'Saturday: 8:00 AM - 5:00 PM', 'Sunday: 9:00 AM - 5:00 PM']","['Bike Build', 'Direct to Boot', 'In-Store Layby', 'Party', 'Pick Up', 'Soda Stream Refill']"
140,BIG W,BIG W Port Augusta,1300411875,Tassie Street ,Port Augusta,SA,Australia,5700,-32.490788,137.7604,"['Monday: 9:00 AM - 6:00 PM', 'Tuesday: 9:00 AM - 6:00 PM', 'Wednesday: 9:00 AM - 6:00 PM', 'Thursday: 9:00 AM - 7:00 PM', 'Friday: 9:00 AM - 7:00 PM', 'Saturday: 9:00 AM - 5:00 PM', 'Sunday: 9:00 AM - 5:00 PM']","['Bike Build', 'Direct to Boot', 'In-Store Layby', 'Pick Up', 'Soda Stream Refill']"
141,BIG W,BIG W Kingsway,1300411875,Hepburn Avenue and Wanneroo Road ,Landsdale,WA,Australia,6065,-31.82024,115.82087,"['Monday: 8:00 AM - 7:00 PM', 'Tuesday: 8:00 AM - 7:00 PM', 'Wednesday: 8:00 AM - 7:00 PM', 'Thursday: 8:00 AM - 9:00 PM', 'Friday: 8:00 AM - 7:00 PM', 'Saturday: 8:00 AM - 5:00 PM', 'Sunday: 11:00 AM - 5:00 PM']","['Bike Build', 'Direct to Boot', 'In-Store Layby', 'Party', 'Pick Up', 'Soda Stream Refill']"
142,BIG W,BIG W Mandurah,1300411875,330 Pinjarra Road ,Mandurah,WA,Australia,6210,-32.5351,115.7418,"['Monday: 8:00 AM - 7:00 PM', 'Tuesday: 8:00 AM - 7:00 PM', 'Wednesday: 8:00 AM - 7:00 PM', 'Thursday: 8:00 AM - 9:00 PM', 'Friday: 8:00 AM - 7:00 PM', 'Saturday: 8:00 AM - 5:00 PM', 'Sunday: 10:00 AM - 5:00 PM']","['Bike Build', 'Direct to Boot', 'In-Store Layby', 'Party', 'Pick Up', 'Soda Stream Refill']"
143,BIG W,BIG W Grafton,1300411875,Corner of Villiers Street and Fitzroy Street ,Grafton,NSW,Australia,2460,-29.692854,152.937,"['Monday: 8:30 AM - 6:00 PM', 'Tuesday: 8:30 AM - 6:00 PM', 'Wednesday: 8:30 AM - 6:00 PM', 'Thursday: 8:30 AM - 7:00 PM', 'Friday: 8:30 AM - 6:00 PM', 'Saturday: 8:30 AM - 6:00 PM', 'Sunday: 9:00 AM - 5:00 PM']","['Bike Build', 'Direct to Boot', 'In-Store Layby', 'Party', 'Pick Up', 'Soda Stream Refill']"
144,BIG W,BIG W Warrawong,1300411875,Corner of Cowper Street and King Street ,Warrawong,NSW,Australia,2502,-34.4854,150.8876,"['Monday: 8:30 AM - 6:00 PM', 'Tuesday: 8:30 AM - 6:00 PM', 'Wednesday: 8:30 AM - 6:00 PM', 'Thursday: 8:30 AM - 9:00 PM', 'Friday: 8:30 AM - 6:00 PM', 'Saturday: 8:30 AM - 6:00 PM', 'Sunday: 9:00 AM - 5:00 PM']","['Bike Build', 'In-Store Layby', 'Party', 'Pick Up', 'Soda Stream Refill']"
145,BIG W,BIG W Orange,1300411875,Anson Street and Kite Street ,Orange,NSW,Australia,2800,-33.285213,149.09842,"['Monday: 8:30 AM - 6:00 PM', 'Tuesday: 8:30 AM - 6:00 PM', 'Wednesday: 8:30 AM - 6:00 PM', 'Thursday: 8:30 AM - 8:00 PM', 'Friday: 8:30 AM - 6:00 PM', 'Saturday: 8:00 AM - 6:00 PM', 'Sunday: 8:30 AM - 5:00 PM']","['Bike Build', 'In-Store Layby', 'Party', 'Pick Up', 'Soda Stream Refill']"
146,BIG W,BIG W Hurstville,1300411875,Corner of Cross Street and Park Road ,Hurstville,NSW,Australia,2220,-33.9654,151.10596,"['Monday: 8:30 AM - 7:00 PM', 'Tuesday: 8:30 AM - 7:00 PM', 'Wednesday: 8:30 AM - 7:00 PM', 'Thursday: 8:30 AM - 9:00 PM', 'Friday: 8:30 AM - 7:00 PM', 'Saturday: 8:30 AM - 7:00 PM', 'Sunday: 9:00 AM - 6:00 PM']","['Bike Build', 'In-Store Layby', 'Party', 'Pick Up', 'Soda Stream Refill']"
147,BIG W,BIG W Bonnyrigg,1300411875,100 Bonnyrigg Avenue ,Bonnyrigg,NSW,Australia,2177,-33.888054,150.88727,"['Monday: 9:00 AM - 6:00 PM', 'Tuesday: 9:00 AM - 6:00 PM', 'Wednesday: 9:00 AM - 6:00 PM', 'Thursday: 9:00 AM - 9:00 PM', 'Friday: 9:00 AM - 6:00 PM', 'Saturday: 9:00 AM - 6:00 PM', 'Sunday: 9:00 AM - 6:00 PM']","['Bike Build', 'Direct to Boot', 'In-Store Layby', 'Party', 'Pick Up', 'Soda Stream Refill']"
148,BIG W,BIG W Armadale,1300411875,10 Orchard Avenue ,Armadale,WA,Australia,6112,-32.15036,116.01483,"['Monday: 8:00 AM - 7:00 PM', 'Tuesday: 8:00 AM - 7:00 PM', 'Wednesday: 8:00 AM - 7:00 PM', 'Thursday: 8:00 AM - 9:00 PM', 'Friday: 8:00 AM - 7:00 PM', 'Saturday: 8:00 AM - 5:00 PM', 'Sunday: 11:00 AM - 5:00 PM']","['Bike Build', 'In-Store Layby', 'Party', 'Pick Up', 'Soda Stream Refill']"
149,BIG W,BIG W Kwinana,1300411875,Corner of Challenger Avenue and Gilmore Avenue ,Kwinana,WA,Australia,6966,-32.2476,115.8123,"['Monday: 8:00 AM - 9:00 PM', 'Tuesday: 8:00 AM - 9:00 PM', 'Wednesday: 8:00 AM - 9:00 PM', 'Thursday: 8:00 AM - 9:00 PM', 'Friday: 8:00 AM - 9:00 PM', 'Saturday: 8:00 AM - 5:00 PM', 'Sunday: 11:00 AM - 5:00 PM']","['Bike Build', 'Direct to Boot', 'In-Store Layby', 'Party', 'Pick Up', 'Soda Stream Refill']"
150,BIG W,BIG W Phoenix Park,1300411875,254 Rockingham Road ,Spearwood,WA,Australia,6163,-32.09774,115.78411,"['Monday: 8:00 AM - 7:00 PM', 'Tuesday: 8:00 AM - 7:00 PM', 'Wednesday: 8:00 AM - 7:00 PM', 'Thursday: 8:00 AM - 9:00 PM', 'Friday: 8:00 AM - 7:00 PM', 'Saturday: 8:00 AM - 5:00 PM', 'Sunday: 11:00 AM - 5:00 PM']","['Bike Build', 'Direct to Boot', 'In-Store Layby', 'Party', 'Pick Up', 'Soda Stream Refill']"
151,BIG W,BIG W Riverton,1300411875,High Road and Willeri Drive ,Willetton,WA,Australia,6155,-32.039715,115.90615,"['Monday: 8:00 AM - 9:00 PM', 'Tuesday: 8:00 AM - 9:00 PM', 'Wednesday: 8:00 AM - 9:00 PM', 'Thursday: 8:00 AM - 9:00 PM', 'Friday: 8:00 AM - 9:00 PM', 'Saturday: 8:00 AM - 5:00 PM', 'Sunday: 11:00 AM - 5:00 PM']","['Bike Build', 'Direct to Boot', 'In-Store Layby', 'Party', 'Pick Up', 'Soda Stream Refill']"
152,BIG W,BIG W Bunbury,1300411875,Sandridge Road ,Bunbury,WA,Australia,6230,-33.3381,115.6585,"['Monday: 8:00 AM - 9:00 PM', 'Tuesday: 8:00 AM - 9:00 PM', 'Wednesday: 8:00 AM - 9:00 PM', 'Thursday: 8:00 AM - 9:00 PM', 'Friday: 8:00 AM - 9:00 PM', 'Saturday: 8:00 AM - 6:00 PM', 'Sunday: 9:00 AM - 6:00 PM']","['Bike Build', 'Direct to Boot', 'In-Store Layby', 'Party', 'Pick Up', 'Soda Stream Refill']"
153,BIG W,BIG W Erina,1300411875,Terrigal Drive and Karalta Road ,Erina,NSW,Australia,2250,-33.440052,151.39374,"['Monday: 8:00 AM - 6:00 PM', 'Tuesday: 8:00 AM - 6:00 PM', 'Wednesday: 8:00 AM - 6:00 PM', 'Thursday: 8:00 AM - 8:00 PM', 'Friday: 8:30 AM - 6:00 PM', 'Saturday: 8:00 AM - 6:00 PM', 'Sunday: 9:00 AM - 6:00 PM']","['Bike Build', 'Direct to Boot', 'In-Store Layby', 'Party', 'Pick Up', 'Soda Stream Refill']"
154,BIG W,BIG W Karrinyup,1300411875,Karrinyup Road ,Karrinyup,WA,Australia,6018,-31.877134,115.77859,"['Monday: 8:00 AM - 9:00 PM', 'Tuesday: 8:00 AM - 9:00 PM', 'Wednesday: 8:00 AM - 9:00 PM', 'Thursday: 8:00 AM - 9:00 PM', 'Friday: 8:00 AM - 9:00 PM', 'Saturday: 8:00 AM - 5:00 PM', 'Sunday: 11:00 AM - 5:00 PM']","['Bike Build', 'Party', 'Pick Up', 'Soda Stream Refill']"
155,BIG W,BIG W Penrith,1300411875,569-595 High Street ,Penrith,NSW,Australia,2750,-33.7525,150.6921,"['Monday: 8:00 AM - 7:00 PM', 'Tuesday: 8:00 AM - 7:00 PM', 'Wednesday: 8:00 AM - 7:00 PM', 'Thursday: 8:00 AM - 9:00 PM', 'Friday: 8:00 AM - 7:00 PM', 'Saturday: 8:00 AM - 6:00 PM', 'Sunday: 9:00 AM - 6:00 PM']","['Bike Build', 'In-Store Layby', 'Party', 'Pick Up', 'Soda Stream Refill']"
156,BIG W,BIG W Whitfords,1300411875,Marmion Avenue ,Kallaroo,WA,Australia,6025,-31.79489,115.75347,"['Monday: 8:00 AM - 7:00 PM', 'Tuesday: 8:00 AM - 7:00 PM', 'Wednesday: 8:00 AM - 7:00 PM', 'Thursday: 8:00 AM - 9:00 PM', 'Friday: 8:00 AM - 7:00 PM', 'Saturday: 8:00 AM - 5:00 PM', 'Sunday: 11:00 AM - 5:00 PM']","['Bike Build', 'In-Store Layby', 'Party', 'Pick Up', 'Soda Stream Refill']"
157,BIG W,BIG W Plumpton,1300411875,260 Jersey Road ,Plumpton,NSW,Australia,2761,-33.745975,150.83498,"['Monday: 8:30 AM - 7:00 PM', 'Tuesday: 8:30 AM - 7:00 PM', 'Wednesday: 8:30 AM - 7:00 PM', 'Thursday: 8:30 AM - 9:00 PM', 'Friday: 8:30 AM - 7:00 PM', 'Saturday: 8:30 AM - 7:00 PM', 'Sunday: 9:00 AM - 7:00 PM']","['Bike Build', 'Direct to Boot', 'In-Store Layby', 'Party', 'Pick Up', 'Soda Stream Refill']"
158,BIG W,BIG W Campsie,1300411875,14-28 Amy Street ,Campsie,NSW,Australia,2194,-33.912666,151.10506,"['Monday: 8:30 AM - 6:00 PM', 'Tuesday: 8:30 AM - 6:00 PM', 'Wednesday: 8:30 AM - 6:00 PM', 'Thursday: 8:30 AM - 8:00 PM', 'Friday: 8:30 AM - 6:00 PM', 'Saturday: 8:30 AM - 6:00 PM', 'Sunday: 9:00 AM - 6:00 PM']","['Bike Build', 'In-Store Layby', 'Pick Up', 'Soda Stream Refill']"
159,BIG W,BIG W Mirrabooka,1300411875,Yirrigan Drive ,Mirrabooka,WA,Australia,6061,-31.871952,115.85921,"['Monday: 8:00 AM - 9:00 PM', 'Tuesday: 8:00 AM - 9:00 PM', 'Wednesday: 8:00 AM - 9:00 PM', 'Thursday: 8:00 AM - 9:00 PM', 'Friday: 8:00 AM - 9:00 PM', 'Saturday: 8:00 AM - 5:00 PM', 'Sunday: 11:00 AM - 5:00 PM']","['Bike Build', 'Direct to Boot', 'In-Store Layby', 'Party', 'Pick Up', 'Soda Stream Refill']"
160,BIG W,BIG W Canberra Airport,1300411875,18 - 26 Spitfire Avenue ,Canberra Airport,ACT,Australia,2609,-35.29785,149.18736,"['Monday: 9:00 AM - 7:00 PM', 'Tuesday: 9:00 AM - 7:00 PM', 'Wednesday: 9:00 AM - 7:00 PM', 'Thursday: 9:00 AM - 7:00 PM', 'Friday: 9:00 AM - 8:00 PM', 'Saturday: 9:00 AM - 6:00 PM', 'Sunday: 9:00 AM - 6:00 PM']","['Bike Build', 'Direct to Boot', 'Pick Up', 'Soda Stream Refill']"
161,BIG W,BIG W Town Hall,1300411875,"Big W Service Desk, Level 1  Cnr Park & George Street Sydney ",Sydney,NSW,Australia,2000,-33.873203,151.20737,"['Monday: 7:00 AM - 9:00 PM', 'Tuesday: 7:00 AM - 9:00 PM', 'Wednesday: 7:00 AM - 9:00 PM', 'Thursday: 7:00 AM - 9:00 PM', 'Friday: 7:00 AM - 9:00 PM', 'Saturday: 7:00 AM - 9:00 PM', 'Sunday: 9:00 AM - 9:00 PM']","['Party', 'Pick Up', 'Soda Stream Refill']"
162,BIG W,BIG W Richmond,1300411875,78 March Street ,Richmond,NSW,Australia,2753,-33.600563,150.75275,"['Monday: 8:30 AM - 7:00 PM', 'Tuesday: 8:30 AM - 7:00 PM', 'Wednesday: 8:30 AM - 7:00 PM', 'Thursday: 8:30 AM - 9:00 PM', 'Friday: 8:30 AM - 7:00 PM', 'Saturday: 8:00 AM - 6:00 PM', 'Sunday: 8:30 AM - 6:00 PM']","['Bike Build', 'Direct to Boot', 'In-Store Layby', 'Pick Up', 'Soda Stream Refill']"
163,BIG W,BIG W Wagga Wagga,1300411875,Morgan and Berry Street ,Wagga Wagga,NSW,Australia,2650,-35.116386,147.37228,"['Monday: 8:30 AM - 6:00 PM', 'Tuesday: 8:30 AM - 6:00 PM', 'Wednesday: 8:30 AM - 6:00 PM', 'Thursday: 8:30 AM - 8:00 PM', 'Friday: 8:30 AM - 7:00 PM', 'Saturday: 8:30 AM - 6:00 PM', 'Sunday: 9:00 AM - 6:00 PM']","['Bike Build', 'Direct to Boot', 'In-Store Layby', 'Party', 'Pick Up', 'Soda Stream Refill']"
164,BIG W,BIG W Taree,1300411875,60 Wynter Street ,Taree,NSW,Australia,2430,-31.910133,152.45831,"['Monday: 8:00 AM - 6:00 PM', 'Tuesday: 8:00 AM - 6:00 PM', 'Wednesday: 8:00 AM - 6:00 PM', 'Thursday: 8:00 AM - 8:00 PM', 'Friday: 8:00 AM - 6:00 PM', 'Saturday: 8:00 AM - 6:00 PM', 'Sunday: 8:30 AM - 5:00 PM']","['Bike Build', 'Direct to Boot', 'In-Store Layby', 'Party', 'Pick Up', 'Soda Stream Refill']"
165,BIG W,BIG W Craigieburn,1300411875,340 Craigieburn Road ,Craigieburn,VIC,Australia,3064,-37.5939,144.9103,"['Monday: 8:00 AM - 6:00 PM', 'Tuesday: 8:00 AM - 6:00 PM', 'Wednesday: 8:00 AM - 6:00 PM', 'Thursday: 8:00 AM - 9:00 PM', 'Friday: 8:00 AM - 9:00 PM', 'Saturday: 8:00 AM - 7:00 PM', 'Sunday: 9:00 AM - 6:00 PM']","['Bike Build', 'Direct to Boot', 'In-Store Layby', 'Party', 'Pick Up', 'Soda Stream Refill']"
166,BIG W,BIG W Castletown,1300411875,35 Kings Road ,Pimlico,QLD,Australia,4812,-19.2719,146.7907,"['Monday: 8:30 AM - 6:00 PM', 'Tuesday: 8:30 AM - 6:00 PM', 'Wednesday: 8:30 AM - 6:00 PM', 'Thursday: 8:30 AM - 8:00 PM', 'Friday: 8:30 AM - 6:00 PM', 'Saturday: 8:30 AM - 5:00 PM', 'Sunday: 9:00 AM - 5:00 PM']","['Bike Build', 'In-Store Layby', 'Party', 'Pick Up', 'Soda Stream Refill']"
167,BIG W,BIG W Rouse Hill,1300411875,10-14 Market Lane ,Rouse Hill,NSW,Australia,2155,-33.69026,150.92409,"['Monday: 8:30 AM - 9:00 PM', 'Tuesday: 8:30 AM - 9:00 PM', 'Wednesday: 8:30 AM - 9:00 PM', 'Thursday: 8:30 AM - 10:00 PM', 'Friday: 8:30 AM - 9:00 PM', 'Saturday: 8:00 AM - 8:00 PM', 'Sunday: 9:00 AM - 7:00 PM']","['Bike Build', 'Direct to Boot', 'In-Store Layby', 'Party', 'Pick Up', 'Soda Stream Refill']"
168,BIG W,BIG W Melton,1300411875,533-555 High Street ,Melton,VIC,Australia,3337,-37.68538,144.56453,"['Monday: 8:00 AM - 7:00 PM', 'Tuesday: 8:00 AM - 7:00 PM', 'Wednesday: 8:00 AM - 7:00 PM', 'Thursday: 8:00 AM - 9:00 PM', 'Friday: 8:00 AM - 9:00 PM', 'Saturday: 8:00 AM - 7:00 PM', 'Sunday: 9:00 AM - 6:00 PM']","['Bike Build', 'Direct to Boot', 'In-Store Layby', 'Party', 'Pick Up', 'Soda Stream Refill']"
169,BIG W,BIG W Brookside,1300411875,159 Osbourne Road ,Mitchelton,QLD,Australia,4053,-27.409327,152.98,"['Monday: 8:00 AM - 6:00 PM', 'Tuesday: 8:00 AM - 6:00 PM', 'Wednesday: 8:00 AM - 6:00 PM', 'Thursday: 8:00 AM - 9:00 PM', 'Friday: 8:00 AM - 6:00 PM', 'Saturday: 8:00 AM - 5:00 PM', 'Sunday: 9:00 AM - 5:00 PM']","['Bike Build', 'In-Store Layby', 'Party', 'Pick Up', 'Soda Stream Refill']"
170,BIG W,BIG W Inverell,1300411875,1 Vivian Street ,Inverell,NSW,Australia,2360,-29.772482,151.11084,"['Monday: 8:30 AM - 6:00 PM', 'Tuesday: 8:30 AM - 6:00 PM', 'Wednesday: 8:30 AM - 6:00 PM', 'Thursday: 8:30 AM - 7:00 PM', 'Friday: 8:30 AM - 6:00 PM', 'Saturday: 8:30 AM - 6:00 PM', 'Sunday: 9:00 AM - 6:00 PM']","['Bike Build', 'Direct to Boot', 'In-Store Layby', 'Pick Up', 'Soda Stream Refill']"
171,BIG W,BIG W Top Ryde,1300411875,115 - 121 Blaxland Road ,Ryde,NSW,Australia,2112,-33.809254,151.10591,"['Monday: 8:30 AM - 8:00 PM', 'Tuesday: 8:30 AM - 8:00 PM', 'Wednesday: 8:30 AM - 8:00 PM', 'Thursday: 8:30 AM - 9:00 PM', 'Friday: 8:30 AM - 8:00 PM', 'Saturday: 8:30 AM - 8:00 PM', 'Sunday: 8:30 AM - 8:00 PM']","['Bike Build', 'In-Store Layby', 'Party', 'Pick Up', 'Soda Stream Refill']"
172,BIG W,BIG W Redbank,1300411875,1 Collingwood Drive ,Redbank,QLD,Australia,4301,-27.605629,152.86784,"['Monday: 8:30 AM - 6:00 PM', 'Tuesday: 8:30 AM - 6:00 PM', 'Wednesday: 8:30 AM - 6:00 PM', 'Thursday: 8:30 AM - 9:00 PM', 'Friday: 8:30 AM - 6:00 PM', 'Saturday: 8:30 AM - 6:00 PM', 'Sunday: 9:00 AM - 5:00 PM']","['Bike Build', 'In-Store Layby', 'Pick Up', 'Soda Stream Refill']"
173,BIG W,BIG W Palmerston,1300411875,Roystonea Ave and Yarrawonga Road ,Palmerston,NT,Australia,830,-12.473088,130.98308,"['Monday: 8:30 AM - 7:00 PM', 'Tuesday: 8:30 AM - 7:00 PM', 'Wednesday: 8:30 AM - 7:00 PM', 'Thursday: 8:30 AM - 7:00 PM', 'Friday: 8:00 AM - 9:00 PM', 'Saturday: 8:00 AM - 6:00 PM', 'Sunday: 9:00 AM - 5:00 PM']","['Bike Build', 'Direct to Boot', 'In-Store Layby', 'Party', 'Pick Up', 'Soda Stream Refill']"
174,BIG W,BIG W Warnbro,1300411875,206 Warnbro Sound Avenue ,Warnbro,WA,Australia,6169,-32.3466,115.7629,"['Monday: 8:00 AM - 7:00 PM', 'Tuesday: 8:00 AM - 7:00 PM', 'Wednesday: 8:00 AM - 7:00 PM', 'Thursday: 8:00 AM - 9:00 PM', 'Friday: 8:00 AM - 7:00 PM', 'Saturday: 8:00 AM - 5:00 PM', 'Sunday: 11:00 AM - 5:00 PM']","['Bike Build', 'Direct to Boot', 'In-Store Layby', 'Party', 'Pick Up', 'Soda Stream Refill']"
175,BIG W,BIG W Emerald,1300411875,2-10 Codenwarra Road ,Emerald,QLD,Australia,4720,-23.5169,148.2108,"['Monday: 8:30 AM - 6:00 PM', 'Tuesday: 8:30 AM - 6:00 PM', 'Wednesday: 8:30 AM - 6:00 PM', 'Thursday: 8:30 AM - 8:00 PM', 'Friday: 8:30 AM - 6:00 PM', 'Saturday: 8:30 AM - 6:00 PM', 'Sunday: 9:00 AM - 5:00 PM']","['Bike Build', 'Direct to Boot', 'In-Store Layby', 'Party', 'Pick Up', 'Soda Stream Refill']"
176,BIG W,BIG W Dapto,1300411875,75 Princess Highway ,Dapto,NSW,Australia,2530,-34.493984,150.79561,"['Monday: 8:30 AM - 7:00 PM', 'Tuesday: 8:30 AM - 7:00 PM', 'Wednesday: 8:30 AM - 7:00 PM', 'Thursday: 8:30 AM - 9:00 PM', 'Friday: 8:30 AM - 7:00 PM', 'Saturday: 8:30 AM - 6:00 PM', 'Sunday: 9:00 AM - 5:00 PM']","['Bike Build', 'Direct to Boot', 'In-Store Layby', 'Party', 'Pick Up', 'Soda Stream Refill']"
177,Choice The Discount Store,Choice The Discount Store - Ashmore,0755970342,SHOP 30 208 CURRUMBURRA ROAD,ASHMORE CITY,QLD,Australia,4214,-27.977857110092,153.381198634216,"['MONDAY: 8:30 AM - 5:30 PM', 'TUESDAY: 8:30 AM - 5:30 PM', 'WEDNESDAY: 8:30 AM - 5:30 PM', 'THURSDAY: 8:30 AM - 7:00 PM', 'FRIDAY: 8:30 AM - 5:30 PM', 'SATURDAY: 8:30 AM - 5:00 PM', 'SUNDAY: 9:00 AM - 3:00 PM']",['N/A']
178,Choice The Discount Store,Choice The Discount Store - Browns Plains,0730869653,18 COMMERCE DRIVE Shop J08,BROWNS PLAINS,QLD,Australia,4118,-27.663538357086,153.046595339219,"['MONDAY: 8:30 AM - 5:30 PM', 'TUESDAY: 8:30 AM - 5:30 PM', 'WEDNESDAY: 8:30 AM - 5:30 PM', 'THURSDAY: 8:30 AM - 7:00 PM', 'FRIDAY: 8:30 AM - 5:30 PM', 'SATURDAY: 8:30 AM - 5:00 PM', 'SUNDAY: 9:00 AM - 5:00 PM']",['N/A']
179,Choice The Discount Store,Choice The Discount Store - Bundaberg,0741516026,7 JOHANNA BOULEVARD SHOP 3,KENSINGTON,QLD,Australia,4670,-24.889538448718,152.322058851049,"['MONDAY: 8:30 AM - 5:30 PM', 'TUESDAY: 8:30 AM - 5:30 PM', 'WEDNESDAY: 8:30 AM - 5:30 PM', 'THURSDAY: 8:30 AM - 6:00 PM', 'FRIDAY: 8:30 AM - 5:30 PM', 'SATURDAY: 8:30 AM - 5:00 PM', 'SUNDAY: 9:00 AM - 5:00 PM']",['N/A']
180,Choice The Discount Store,Choice The Discount Store - Burleigh,0755205231,197-207 REEDY CREEK ROAD ,BURLEIGH HEADS,QLD,Australia,4220,-28.099692826206,153.438218642696,"['MONDAY: 8:30 AM - 5:30 PM', 'TUESDAY: 8:30 AM - 5:30 PM', 'WEDNESDAY: 8:30 AM - 5:30 PM', 'THURSDAY: 8:30 AM - 7:00 PM', 'FRIDAY: 8:30 AM - 5:30 PM', 'SATURDAY: 8:30 AM - 5:00 PM', 'SUNDAY: 9:00 AM - 4:00 PM']",['N/A']
181,Choice The Discount Store,Choice The Discount Store - Chancellor Park,0754562144,30 CHANCELLOR VILLAGE BOULEVARD SHOP 1,SIPPY DOWNS,QLD,Australia,4556,-26.718585601411,153.047863102075,"['MONDAY: 8:30 AM - 5:30 PM', 'TUESDAY: 8:30 AM - 5:30 PM', 'WEDNESDAY: 8:30 AM - 5:30 PM', 'THURSDAY: 8:30 AM - 7:00 PM', 'FRIDAY: 8:30 AM - 5:30 PM', 'SATURDAY: 8:30 AM - 5:00 PM', 'SUNDAY: 9:00 AM - 5:00 PM']",['N/A']
182,Choice The Discount Store,Choice The Discount Store - Deception Bay,0732031063,"MARKET SQUARE DECEPTION BAY, CNR DECEPTION BAY ROAD AND BAY AVENUE",DECEPTION BAY,QLD,Australia,4508,-27.196609981915,153.029559959206,"['MONDAY: 8:30 AM - 5:00 PM', 'TUESDAY: 8:30 AM - 5:00 PM', 'WEDNESDAY: 8:30 AM - 5:00 PM', 'THURSDAY: 8:30 AM - 6:00 PM', 'FRIDAY: 8:30 AM - 5:00 PM', 'SATURDAY: 9:00 AM - 5:00 PM', 'SUNDAY: 9:00 AM - 3:00 PM']",['N/A']
183,Choice The Discount Store,Choice The Discount Store - Gladstone,0749721232,Shop 16-18 Gladstone Central Shopping Centre 65/69 Dawson Hwy,WEST GLADSTONE,QLD,Australia,4680,-23.855029961027,151.248839717009,"['MONDAY: 8:30 AM - 5:30 PM', 'TUESDAY: 8:30 AM - 5:30 PM', 'WEDNESDAY: 8:30 AM - 5:30 PM', 'THURSDAY: 8:30 AM - 6:00 PM', 'FRIDAY: 8:30 AM - 5:30 PM', 'SATURDAY: 8:30 AM - 5:00 PM', 'SUNDAY: 9:00 AM - 5:00 PM']",['N/A']
184,Choice The Discount Store,Choice The Discount Store - Helensvale,0755299373,"SHOP 24 HELENSVALE PLAZA, 12 SIR JOHN OVERALL DRIVE",HELENSVALE,QLD,Australia,4212,-27.9235076103,153.33464489008,"['MONDAY: 8:30 AM - 5:30 PM', 'TUESDAY: 8:30 AM - 5:30 PM', 'WEDNESDAY: 8:30 AM - 5:30 PM', 'THURSDAY: 8:30 AM - 7:00 PM', 'FRIDAY: 8:30 AM - 5:30 PM', 'SATURDAY: 8:30 AM - 5:00 PM', 'SUNDAY: 9:00 AM - 4:00 PM']",['N/A']
185,Choice The Discount Store,Choice The Discount Store - Kallangur,0738806053,"SHOP MM1 LILLYBROOK SHOPPING CENTRE, 1 BRICKWORKS ROAD",KALLANGUR,QLD,Australia,4503,-27.242632080131,152.994143482656,"['MONDAY: 8:30 AM - 5:30 PM', 'TUESDAY: 8:30 AM - 5:30 PM', 'WEDNESDAY: 8:30 AM - 5:30 PM', 'THURSDAY: 8:30 AM - 6:00 PM', 'FRIDAY: 8:30 AM - 5:30 PM', 'SATURDAY: 8:30 AM - 5:00 PM', 'SUNDAY: 9:00 AM - 5:00 PM']",['N/A']
186,Choice The Discount Store,Choice The Discount Store - Kawana Waters,0754526954,134 POINT CARTWRIGHT DRIVE ,BUDDINA,QLD,Australia,4575,-26.701113356604,153.129450955023,"['MONDAY: 8:30 AM - 5:30 PM', 'TUESDAY: 8:30 AM - 5:30 PM', 'WEDNESDAY: 8:30 AM - 5:30 PM', 'THURSDAY: 8:30 AM - 7:00 PM', 'FRIDAY: 8:30 AM - 5:30 PM', 'SATURDAY: 8:30 AM - 5:00 PM', 'SUNDAY: 9:00 AM - 4:00 PM']",['N/A']
187,Choice The Discount Store,Choice The Discount Store - Kingaroy,0741636699,"18 AVOCA STREET, SHOP 4 ",KINGAROY,QLD,Australia,4610,-26.544676910408,151.839897330776,"['MONDAY: 8:30 AM - 5:30 PM', 'TUESDAY: 8:30 AM - 5:30 PM', 'WEDNESDAY: 8:30 AM - 5:30 PM', 'THURSDAY: 8:30 AM - 7:00 PM', 'FRIDAY: 8:30 AM - 5:30 PM', 'SATURDAY: 8:30 AM - 5:00 PM', 'SUNDAY: 9:00 AM - 5:00 PM']",['N/A']
188,Choice The Discount Store,Choice The Discount Store - Lismore,0266228821,HOME CONSORTIUM T03 28 BRUXNER HWY,SOUTH LISMORE,NSW,Australia,2480,-28.824707082857,153.266429944554,"['MONDAY: 9:00 AM - 5:30 PM', 'TUESDAY: 9:00 AM - 5:30 PM', 'WEDNESDAY: 9:00 AM - 5:30 PM', 'THURSDAY: 9:00 AM - 9:00 PM', 'FRIDAY: 9:00 AM - 5:30 PM', 'SATURDAY: 9:00AM - 5:00 PM', 'SUNDAY: 9:00 AM - 4:00 PM']",['N/A']
189,Choice The Discount Store,Choice The Discount Store - Loganholme,0738012084,"HYPERDOME SHOPPING CENTRE, SHOP 200 MANDEW STREET",LOGANHOLME,QLD,Australia,4129,-27.66133,153.17427,"['MONDAY: 9:00 AM - 5:30 PM', 'TUESDAY: 9:00 AM - 5:30 PM', 'WEDNESDAY: 9:00 AM - 5:30 PM', 'THURSDAY: 9:00 AM - 9:00 PM', 'FRIDAY: 9:00 AM - 5:30 PM', 'SATURDAY: 9:00 AM - 5:00 PM', 'SUNDAY: 9:00 AM - 4:00 PM']",['N/A']
190,Choice The Discount Store,Choice The Discount Store - Maryborough,N/A,"65, shop MM1/85 Bazaar St, Maryborough QLD 4650 ",MARYBOROUGH,QLD,Australia,4650,-25.543336493682,152.699491340993,"['MONDAY: - 8:30 AM - 5:30 PM', 'TUESDAY: - 8:30 AM - 5:30 PM', 'WEDNESDAY: - 8:30 AM - 5:30 PM', 'THURSDAY: - 8:30 AM - 6:00 PM', 'FRIDAY: - 8:30 AM - 5:30 PM', 'SATURDAY: - 8:30 AM - 5:00 PM', 'SUNDAY: - 9:00 AM - 5:00 PM']",['N/A']
191,Choice The Discount Store,Choice The Discount Store - Mermaid Waters,0755277057,"Q SUPER CENTRE, MARKERI STREET, SHOP B1, ",MERMAID WATERS,QLD,Australia,4218,-28.04786,153.40859,"['MONDAY: - 8:30 AM - 5:30 PM', 'TUESDAY: - 8:30 AM - 5:30 PM', 'WEDNESDAY: - 8:30 AM - 5:30 PM', 'THURSDAY: - 8:30 AM - 7:00 PM', 'FRIDAY: - 8:30 AM - 5:30 PM', 'SATURDAY: - 8:30 AM - 5:00 PM', 'SUNDAY: - 9:00 AM - 5:00 PM']",['N/A']
192,Choice The Discount Store,Choice The Discount Store - Morayfield,0754329439,"Morayfield Village retail centre Shop 10, 171 Morayfield Rd",MORAYFIELD,QLD,Australia,4506,-27.105970553637,152.948163632745,"['MONDAY: 8:30 AM - 5:30 PM', 'TUESDAY: 8:30 AM - 5:30 PM', 'WEDNESDAY: 8:30 AM - 5:30 PM', 'THURSDAY: 8:30 AM - 6:00 PM', 'FRIDAY: 8:30 AM - 5:30 PM', 'SATURDAY: 8:30 AM - 5:00 PM', 'SUNDAY: 9:00 AM - 5:00 PM']",['N/A']
193,Choice The Discount Store,Choice The Discount Store - Noosaville,0754740712,18 THOMAS ST ,NOOSAVILLE,QLD,Australia,4566,-26.400914572366,153.062107978883,"['MONDAY: 8:30 AM - 5:30 PM', 'TUESDAY: 8:30 AM - 5:30 PM', 'WEDNESDAY: 8:30 AM - 5:30 PM', 'THURSDAY: 8:30 AM - 7:00 PM', 'FRIDAY: 8:30 AM - 5:30 PM', 'SATURDAY: 9:00 AM - 5:00 PM', 'SUNDAY: 9:00 AM - 4:00 PM']",['N/A']
194,Choice The Discount Store,Choice The Discount Store - Pialba (Hervey Bay),0741241674,Pialba Place Shopping Centre Main street,PIALBA,QLD,Australia,4655,-25.28284,152.83907,"['MONDAY: 8:30 AM - 5:30 PM', 'TUESDAY: 8:30 AM - 5:30 PM', 'WEDNESDAY: 8:30 AM - 5:30 PM', 'THURSDAY: 8:30 AM - 7:00 PM', 'FRIDAY: 8:30 AM - 5:30 PM', 'SATURDAY: 8:30 AM - 5:00 PM', 'SUNDAY: 9:00 AM - 5:00 PM', 'https://g.page/r/']",['N/A']
195,Choice The Discount Store,Choice The Discount Store - Redbank,0732882594,SHOP 3341 REDBANK PLAZA 1 COLLINGWOOD DRIVE ,REDBANK,QLD,Australia,4301,-27.605628961514,152.867851002546,"['MONDAY: 8:30 AM - 5:30 PM', 'TUESDAY: 8:30 AM - 5:30 PM', 'WEDNESDAY: 8:30 AM - 5:30 PM', 'THURSDAY: 8:30 AM - 8:00 PM', 'FRIDAY: 8:30 AM - 5:30 PM', 'SATURDAY: 8:30 AM - 5:00 PM', 'SUNDAY: 9:00 AM - 4:00 PM']",['N/A']
196,Choice The Discount Store,Choice The Discount Store - Richlands,0732714686,144 PINE ROAD ,RICHLANDS,QLD,Australia,4077,-27.594634419118,152.950253911759,"['MONDAY: 8:30 AM - 5:30 PM', 'TUESDAY: 8:30 AM - 5:30 PM', 'WEDNESDAY: 8:30 AM - 5:30 PM', 'THURSDAY: 8:30 AM - 8:00 PM', 'FRIDAY: 8:30 AM - 5:30 PM', 'SATURDAY: 9:00 AM - 5:00 PM', 'SUNDAY: 9:00 AM - 4:00 PM']",['N/A']
197,Choice The Discount Store,Choice The Discount Store - Rothwell,0732040325,747-757 DECEPTION BAY ROAD ,ROTHWELL,QLD,Australia,4022,-27.212772554351,153.045904167484,"['MONDAY: 8:30 AM - 5:30 PM', 'TUESDAY: 8:30 AM - 5:30 PM', 'WEDNESDAY: 8:30 AM - 5:30 PM', 'THURSDAY: 8:30 AM - 6:00 PM', 'FRIDAY: 8:30 AM - 5:30 PM', 'SATURDAY: 8:30 AM - 5:00 PM', 'SUNDAY: 9:00 AM - 4:00 PM']",['N/A']
198,Choice The Discount Store,Choice The Discount Store - Southport,0755913142,"AUSTRALIA FAIR METRO, SHOP M002 YOUNG STREET",AUSTRALIA FAIR,QLD,Australia,4215,-27.9691,153.41454,"['MONDAY: 9:00 AM - 5:30 PM', 'TUESDAY: 9:00 AM - 5:30 PM', 'WEDNESDAY: 9:00 AM - 5:30 PM', 'THURSDAY: 9:00 AM - 7:00 PM', 'FRIDAY: 9:00 AM - 5:30 PM', 'SATURDAY: 9:00 AM - 5:00 PM', 'SUNDAY: 10:00 AM - 4:00 PM']",['N/A']
199,Choice The Discount Store,Choice The Discount Store - Townsville (Kirwan),0747239895,45 CARTHEW STREET ,KIRWAN,QLD,Australia,4817,-19.314863518493,146.724430037068,"['MONDAY: 8:30 AM - 5:30 PM', 'TUESDAY: 8:30 AM - 5:30 PM', 'WEDNESDAY: 8:30 AM - 5:30 PM', 'THURSDAY: 8:30 AM - 6:00 PM', 'FRIDAY: 8:30 AM - 5:30 PM', 'SATURDAY: 8:30 AM - 5:00 PM', 'SUNDAY: 9:00 AM - 5:00 PM']",['N/A']
200,Choice The Discount Store,Choice The Discount Store - Tweed Heads South,0755242124,"TWEED HUB, SHOP 10  11 118  130 MINJUNGBAL DRIVE",TWEED HEADS,NSW,Australia,2485,-28.207216215416,153.545429806013,"['MONDAY: 8:30 AM - 5:30 PM', 'TUESDAY: 8:30 AM - 5:30 PM', 'WEDNESDAY: 8:30 AM - 5:30 PM', 'THURSDAY: 8:30 AM - 7:00 PM', 'FRIDAY: 8:30 AM - 5:30 PM', 'SATURDAY: 9:00 AM - 5:00 PM', 'SUNDAY: 9:00 AM - 4:00 PM']",['N/A']
201,Choice The Discount Store,Choice The Discount Store - Underwood,0732902927,"SHOP S3.02, ZONE UNDERWOOD ",UNDERWOOD,QLD,Australia,4119,-27.61983,153.11378,"['MONDAY: 8:30 AM - 5:30 PM', 'TUESDAY: 8:30 AM - 5:30 PM', 'WEDNESDAY: 8:30 AM - 5:30 PM', 'THURSDAY: 8:30 AM - 7:00 PM', 'FRIDAY: 8:30 AM - 5:30 PM', 'SATURDAY: 8:30 AM - 5:00 PM', 'SUNDAY: 9:00 AM - 4:30 PM']",['N/A']
202,Choice The Discount Store,Choice The Discount Store - Upper Coomera,0755000789,HOME CONSORTIUM T05 13 COOMERA GRAND DRIVE,UPPER COOMERA,QLD,Australia,4209,-27.850833198917,153.29858678081,"['MONDAY: 8:30 AM - 5:30 PM', 'TUESDAY: 8:30 AM - 5:30 PM', 'WEDNESDAY: 8:30 AM - 5:30 PM', 'THURSDAY: 8:30 AM - 9:00 PM', 'FRIDAY: 8:30 AM - 5:30 PM', 'SATURDAY: 8:30 AM - 5:00 PM', 'SUNDAY: 9:00 AM - 5:00 PM']",['N/A']
203,Choice The Discount Store,Choice The Discount Store - Windsor,N/A,N/A,Windsor,N/A,Australia,N/A,N/A,N/A,['N/A'],['N/A']
